brand_name,model,price_category,price,spec_score,vfm_score,vfm_label,has_5G,has_NFC,has_IR,processor_brand,processor_name,num_core,processor_speed,ram,memory,battery_capacity(mAh),fast_charging(W),charging_ratio,charging_speed_type,screen_size,refresh_rate,rear_camera,front_camera,rear_camera_count,os
Oneplus,Nord 6,Premium,38999,81,0.90682839,Average Value,TRUE,TRUE,TRUE,Qualcomm,Snapdragon 8s Gen 4,8,3.2,8,256,9000,80,112.5,Standard,6.78,165,50,32,2,Android v16
Samsung,Galaxy S25 Ultra,Flagship,110000,89,0.658517001,Average Value,TRUE,TRUE,FALSE,Qualcomm,Snapdragon 8 Elite for Galaxy,8,4.47,12,256,5000,45,111.11,Standard,6.9,120,200,12,4,Android v15
Vivo,T5 Pro,Mid-Range,29999,72,1.522389029,Value King,TRUE,FALSE,TRUE,Qualcomm,Snapdragon 7s Gen 4,8,2.7,8,128,9020,90,100.22,Super Fast,6.8,120,50,50,3,Android v16
Samsung,Galaxy S25 FE,Premium,50743,77,0.282124388,Average Value,TRUE,TRUE,FALSE,Samsung,Exynos 2400,10,3.2,8,128,4900,45,108.89,Standard,6.7,120,50,12,3,Android v16
Vivo,T5x 5G,Mid-Range,18999,66,0.478614983,Average Value,TRUE,FALSE,TRUE,Mediatek,Dimensity 7400 Turbo,8,2.6,6,128,7200,44,163.64,Standard,6.76,120,50,32,2,Android v16
Vivo,T5 5G,Mid-Range,23990,63,-0.04327204,Average Value,TRUE,FALSE,FALSE,Qualcomm,Snapdragon 7s Gen 4,8,2.7,8,128,7500,100,75,Super Fast,6.67,120,50,32,3,Android v16
Motorola,Edge 70 Fusion,Mid-Range,25999,71,1.348426688,Value King,TRUE,TRUE,FALSE,Qualcomm,Snapdragon 7s Gen 4,8,2.7,8,128,7000,68,102.94,Standard,6.78,144,50,32,3,Android v16
Xiaomi,Redmi Note 15 5G Special Edition,Mid-Range,19999,64,0.130690301,Average Value,TRUE,FALSE,TRUE,Qualcomm,Snapdragon 6 Gen 3,8,2.4,6,128,5800,45,128.89,Standard,6.77,120,50,20,2,Android v15
Realme,16 5G,Premium,31999,68,-1.123459617,Overpriced,TRUE,FALSE,FALSE,Mediatek,Dimensity 6400 Turbo,8,2.5,8,128,7000,60,116.67,Standard,6.57,120,50,50,2,Android v16
Vivo,V70 FE,Premium,37999,79,0.594476389,Average Value,TRUE,TRUE,TRUE,Mediatek,Dimensity 7360 Turbo,8,2.5,8,128,7000,90,77.78,Super Fast,6.83,120,200,50,2,Android v16
Oneplus,Nord CE 6 5G,Mid-Range,26990,72,1.522389029,Value King,TRUE,FALSE,TRUE,Qualcomm,Octa Core Processor,8,2.5,8,128,7500,100,75,Super Fast,6.82,144,50,32,2,Android v16
Oneplus,Nord CE 5 5G,Mid-Range,24250,70,1.174464347,Value King,TRUE,FALSE,TRUE,Mediatek,Dimensity 8350 Apex,8,3.35,8,256,7100,80,88.75,Standard,6.77,120,50,16,2,Android v15
Infinix,Note 60 Pro 5G,Mid-Range,25999,72,1.522389029,Value King,TRUE,TRUE,TRUE,Qualcomm,Snapdragon 7s Gen 4,8,2.7,8,256,6500,90,72.22,Super Fast,6.78,144,50,13,2,Android v16
Vivo,V70 5G,Premium,45999,81,0.90682839,Average Value,TRUE,TRUE,TRUE,Qualcomm,Snapdragon 7 Gen 4,8,2.8,8,256,6500,90,72.22,Super Fast,6.59,120,50,50,3,Android v16
Vivo,T4 Pro 5G,Mid-Range,27177,71,1.348426688,Value King,TRUE,FALSE,TRUE,Qualcomm,Snapdragon 7 Gen 4,8,2.8,8,128,6500,90,72.22,Super Fast,6.77,120,50,32,3,Android v15
Iqoo,Z11,Mid-Range,25990,70,1.174464347,Value King,TRUE,TRUE,TRUE,Mediatek,Dimensity 8500,8,3.4,8,256,9020,90,100.22,Super Fast,6.83,165,50,16,2,Android v16
Infinix,Note 60 Ultra,Premium,31990,83,1.219180391,Value King,TRUE,TRUE,TRUE,Mediatek,Dimensity 8400 Ultimate,8,3.25,12,256,7000,100,70,Super Fast,6.78,144,200,32,3,Android v16
Oneplus,Nord CE 5 5G,Mid-Range,28999,71,1.348426688,Value King,TRUE,FALSE,TRUE,Mediatek,Dimensity 8350 Apex,8,3.35,12,256,7100,80,88.75,Standard,6.77,120,50,16,2,Android v15
Realme,P4 Power 5G,Mid-Range,24879,72,1.522389029,Value King,TRUE,FALSE,TRUE,Mediatek,Dimensity 7400 Ultra,8,2.6,8,128,10001,80,125.01,Standard,6.8,144,50,16,2,Android v16
Motorola,Edge 60 Fusion,Mid-Range,20900,67,0.652577324,Average Value,TRUE,FALSE,FALSE,Mediatek,Dimensity 7400,8,2.5,8,256,5500,68,80.88,Standard,6.7,120,50,32,2,Android v15
Motorola,Moto G67 Power 5G,Mid-Range,17190,63,-0.04327204,Average Value,TRUE,FALSE,FALSE,Qualcomm,Snapdragon 7s Gen 2,8,2.4,8,128,7000,30,233.33,Standard,6.7,120,50,32,2,Android v15
Vivo,T5 Ultra,Premium,39990,72,-0.498755615,Average Value,TRUE,FALSE,FALSE,Mediatek,Octa Core Processor,8,3.2,8,256,6200,100,62,Super Fast,6.78,120,50,50,3,Android v16
Apple,iPhone 17,Flagship,82900,76,-0.893243864,Average Value,TRUE,TRUE,FALSE,Apple,Apple A19,6,4.04,8,256,3692,90,41.02,Super Fast,6.3,120,48,18,2,iOS v19
Vivo,T5x 5G,Mid-Range,22999,67,0.652577324,Average Value,TRUE,FALSE,TRUE,Mediatek,Dimensity 7400 Turbo,8,2.6,8,256,7200,44,163.64,Standard,6.76,120,50,32,2,Android v16
Oneplus,Nord 5 5G,Premium,33999,76,0.125948388,Average Value,TRUE,TRUE,TRUE,Qualcomm,Snapdragon 8s Gen 3,8,3,8,256,6800,80,85,Standard,6.83,144,50,50,2,Android v15
Oppo,K13,Mid-Range,19149,62,-0.21723438,Average Value,TRUE,FALSE,TRUE,Qualcomm,Snapdragon 6 Gen 4,8,2.3,8,128,7000,80,87.5,Standard,6.67,120,50,16,2,Android v15
Motorola,Edge 60 Pro,Mid-Range,28906,77,2.392200733,Performance Beast,TRUE,TRUE,FALSE,Mediatek,Dimensity 8350 Extreme,8,3.35,8,256,6000,90,66.67,Super Fast,6.7,120,50,50,3,Android v15
Realme,P4 5G,Mid-Range,20990,64,0.130690301,Average Value,TRUE,FALSE,TRUE,Mediatek,Dimensity 7400 Ultra,8,2.6,6,128,7000,80,87.5,Standard,6.77,144,50,16,2,Android v15
Vivo,X300 Ultra,Flagship,95990,92,1.016615662,Value King,TRUE,TRUE,TRUE,Qualcomm,Snapdragon 8 Elite Gen 5,8,4.6,12,256,6600,120,55,Super Fast,6.82,144,200,50,3,Android v16
Ai+,Nova 2 Ultra,Budget,14999,58,1.15877124,Value King,TRUE,FALSE,FALSE,Mediatek,Dimensity 7400,8,2.6,6,128,6000,18,333.33,Slow Charging,6.78,120,50,13,2,Android v16
Iqoo,Z11x,Mid-Range,18999,66,0.478614983,Average Value,TRUE,FALSE,TRUE,Mediatek,Dimensity 7400 Turbo,8,2.6,6,128,7200,44,163.64,Standard,6.76,120,50,32,2,Android v16
Oppo,F33,Mid-Range,25999,64,0.130690301,Average Value,TRUE,FALSE,TRUE,Mediatek,Dimensity 6360 Max,8,2.6,8,128,7500,100,75,Super Fast,6.67,144,50,32,2,Android v16
Oppo,K13x 5G,Budget,13999,54,0.464711075,Average Value,TRUE,FALSE,FALSE,Mediatek,Dimensity 6300,8,2.4,6,128,6000,45,133.33,Standard,6.67,120,50,8,2,Android v15
Samsung,Galaxy A18 5G,Mid-Range,20999,55,-1.434970767,Overpriced,TRUE,TRUE,FALSE,Samsung,Octa Core Processor,8,2.5,6,128,6000,25,240,Slow Charging,6.74,90,50,16,3,Android v16
Realme,P4x 5G,Mid-Range,16749,62,-0.21723438,Average Value,TRUE,FALSE,FALSE,Mediatek,Dimensity 7400 Ultra,8,2.6,6,128,7000,45,155.56,Standard,6.72,144,50,8,2,Android v15
Motorola,Moto G57 Power,Mid-Range,16349,55,-1.434970767,Overpriced,TRUE,FALSE,FALSE,Qualcomm,Snapdragon 6s Gen 4,8,2.4,8,128,7000,33,212.12,Standard,6.72,120,50,8,2,Android v16
Samsung,Galaxy S26 Ultra 5G,Flagship,126750,95,1.374714323,Value King,TRUE,TRUE,FALSE,Qualcomm,Snapdragon 8 Elite Gen 5 for Galaxy,8,4.74,12,256,5000,60,83.33,Standard,6.9,120,200,12,4,Android v16
Iqoo,15R,Premium,44998,85,1.531532392,Value King,TRUE,TRUE,TRUE,Qualcomm,Snapdragon 8 Gen 5,8,3.8,8,256,7600,100,76,Super Fast,6.59,144,50,32,2,Android v16
Samsung,Galaxy S24 5G,Premium,45000,72,-0.498755615,Average Value,TRUE,TRUE,FALSE,Qualcomm,Snapdragon 8 Gen 3,8,3.3,8,256,4000,25,160,Slow Charging,6.2,120,50,12,3,Android v15
Realme,P3x 5G,Budget,12999,55,0.638226116,Average Value,TRUE,FALSE,FALSE,Mediatek,Dimensity 6400,8,2.5,6,128,6000,45,133.33,Standard,6.72,120,50,8,2,Android v15
Oneplus,Nord CE 4 5G,Mid-Range,19999,66,0.478614983,Average Value,TRUE,FALSE,TRUE,Qualcomm,Snapdragon 7 Gen 3,8,2.63,8,128,5500,100,55,Super Fast,6.7,120,50,16,2,Android v14
Xiaomi,Redmi 15A 5G,Budget,12999,58,1.15877124,Value King,TRUE,FALSE,TRUE,Unisoc,Unisoc T8300,8,2.2,4,64,6300,33,190.91,Standard,6.9,120,32,8,1,Android v16
Realme,C63 5G,Budget,10999,53,0.291196034,Average Value,TRUE,FALSE,FALSE,Mediatek,Dimensity 6300,8,2.4,6,128,5000,10,500,Slow Charging,6.67,120,32,8,2,Android v14
Motorola,Moto G86 Power 5G,Mid-Range,17835,66,0.478614983,Average Value,TRUE,FALSE,FALSE,Mediatek,Dimensity 7400,8,2.6,8,128,6720,33,203.64,Standard,6.7,120,50,32,2,Android v15
Xiaomi,Redmi A7 Pro,Budget,13999,45,-1.096924294,Overpriced,FALSE,FALSE,FALSE,Unisoc,Unisoc T7250,8,1.8,4,64,6000,15,400,Slow Charging,6.9,120,13,8,1,Android v16
Nothing,Phone Pro,Premium,39999,75,-0.030227613,Average Value,TRUE,TRUE,FALSE,Qualcomm,Snapdragon 7 Gen 4,8,2.8,8,128,5400,50,108,Standard,6.83,144,50,32,3,Android v16
Oneplus,15,Flagship,72999,94,1.255348103,Value King,TRUE,TRUE,TRUE,Qualcomm,Snapdragon 8 Elite Gen 5,8,4.6,12,256,7300,120,60.83,Super Fast,6.78,165,50,32,3,Android v16
Vivo,T5 Lite 5G,Budget,10999,54,0.464711075,Average Value,TRUE,FALSE,FALSE,Mediatek,Dimensity 6400,8,2.5,6,128,7000,25,280,Slow Charging,6.77,120,50,8,2,Android v16
Xiaomi,Redmi Note 15 SE 5G,Mid-Range,23999,67,0.652577324,Average Value,TRUE,FALSE,TRUE,Qualcomm,Snapdragon 6 Gen 3,8,2.4,8,256,5800,45,128.89,Standard,6.77,120,50,20,2,Android v15
Motorola,Moto G96 5G,Mid-Range,18178,64,0.130690301,Average Value,TRUE,FALSE,FALSE,Qualcomm,Snapdragon 7s Gen 2,8,2.4,8,128,5500,33,166.67,Standard,6.67,144,50,32,2,Android v15
Vivo,T4x 5G,Mid-Range,16999,55,-1.434970767,Overpriced,TRUE,FALSE,TRUE,Mediatek,Dimensity 7300,8,2.5,6,128,6500,44,147.73,Standard,6.72,120,50,8,2,Android v15
Oneplus,15T,Premium,42990,84,1.375356392,Value King,TRUE,TRUE,TRUE,Qualcomm,Snapdragon 8 Elite Gen 5,8,4.6,12,256,7500,100,75,Super Fast,6.32,165,50,32,2,Android v16
Poco,X8 Pro 5G,Premium,32999,76,0.125948388,Average Value,TRUE,FALSE,TRUE,Mediatek,Dimensity 8500 Ultra,8,3.4,8,256,6500,100,65,Super Fast,6.59,120,50,20,2,Android v16
Motorola,Moto G45 5G,Budget,10997,54,0.464711075,Average Value,TRUE,FALSE,FALSE,Qualcomm,Snapdragon 6s Gen 3,8,2.3,4,128,5000,20,250,Slow Charging,6.5,120,50,16,2,Android v14
Realme,15 Pro 5G,Mid-Range,29990,72,1.522389029,Value King,TRUE,FALSE,FALSE,Qualcomm,Snapdragon 7 Gen 4,8,2.8,8,128,7000,80,87.5,Standard,6.8,144,50,50,2,Android v15
Oppo,Find X9 Ultra,Flagship,80990,93,1.135981882,Value King,TRUE,TRUE,TRUE,Qualcomm,Snapdragon 8 Elite Gen 5,8,4.6,16,512,7050,100,70.5,Super Fast,6.82,144,200,50,4,Android v16
Poco,X7 Pro 5G,Mid-Range,23999,70,1.174464347,Value King,TRUE,TRUE,TRUE,Mediatek,Dimensity 8400 Ultra,8,3.25,8,256,6550,90,72.78,Super Fast,6.67,120,50,20,2,Android v15
Apple,iPhone 16,Flagship,69900,70,-1.609441186,Overpriced,TRUE,TRUE,FALSE,Apple,Bionic A18,6,4.04,8,128,3561,90,39.57,Super Fast,6.1,60,48,12,2,iOS v18
Xiaomi,Redmi Note 13 5G,Budget,14498,62,1.852831404,Value King,TRUE,FALSE,TRUE,Mediatek,Dimensity 6080,8,2.4,6,128,5000,33,151.52,Standard,6.67,120,108,16,3,Android v13
Realme,16 Pro 5G,Premium,34999,77,0.282124388,Average Value,TRUE,FALSE,FALSE,Mediatek,Dimensity 7300 Max,8,3.2,8,128,7000,80,87.5,Standard,6.78,144,200,50,2,Android v16
Motorola,Edge 70 Pro,Premium,31999,72,-0.498755615,Average Value,TRUE,TRUE,FALSE,Qualcomm,Octa Core Processor,8,3.2,8,256,6500,100,65,Super Fast,6.7,120,50,50,3,Android v15
Oneplus,15R 5G,Premium,50499,83,1.219180391,Value King,TRUE,TRUE,TRUE,Qualcomm,Snapdragon 8 Gen 5,8,3.84,12,256,7400,80,92.5,Standard,6.83,165,50,32,2,Android v16
Oneplus,Nord 6 5G,Premium,41999,83,1.219180391,Value King,TRUE,TRUE,TRUE,Qualcomm,Snapdragon 8s Gen 4,8,3.2,12,256,9000,80,112.5,Standard,6.78,165,50,32,2,Android v16
Samsung,Galaxy A07 5G,Budget,13200,57,0.985256198,Average Value,TRUE,FALSE,FALSE,Mediatek,Dimensity 6300,8,2.4,4,128,6000,25,240,Slow Charging,6.74,120,50,8,2,Android v16
Xiaomi,Redmi Note 15 5G,Mid-Range,24999,70,1.174464347,Value King,TRUE,TRUE,TRUE,Qualcomm,Snapdragon 6 Gen 3,8,2.4,8,128,5520,45,122.67,Standard,6.77,120,108,20,2,Android v15
Vivo,V60 5G,Premium,36999,77,0.282124388,Average Value,TRUE,TRUE,TRUE,Qualcomm,Snapdragon 7 Gen 4,8,2.8,8,128,6500,90,72.22,Super Fast,6.77,120,50,50,3,Android v15
Motorola,Edge 70 Fusion 5G,Mid-Range,29890,72,1.522389029,Value King,TRUE,TRUE,FALSE,Qualcomm,Snapdragon 7s Gen 4,8,2.7,8,256,7000,68,102.94,Standard,6.78,144,50,32,3,Android v16
Realme,P3 5G,Mid-Range,15999,61,-0.391196721,Average Value,TRUE,TRUE,FALSE,Qualcomm,Snapdragon 6 Gen 4,8,2.3,6,128,6000,45,133.33,Standard,6.67,120,50,16,2,Android v15
Motorola,Moto G64 5G,Budget,13999,59,1.332286281,Value King,TRUE,FALSE,FALSE,Mediatek,Dimensity 7025,8,2.5,8,128,6000,33,181.82,Standard,6.5,120,50,16,2,Android v14
Samsung,Galaxy M56 5G,Mid-Range,21999,58,-0.913083744,Average Value,TRUE,FALSE,FALSE,Samsung,Exynos 1480,8,2.7,8,128,5000,45,111.11,Standard,6.74,120,50,12,3,Android v15
Oneplus,Nord CE 5 5G,Mid-Range,24999,70,1.174464347,Value King,TRUE,FALSE,TRUE,Mediatek,Dimensity 8350 Apex,8,3.35,8,128,7100,80,88.75,Standard,6.77,120,50,16,2,Android v15
Oppo,Reno 15 Pro Mini,Premium,59999,84,1.375356392,Value King,TRUE,FALSE,TRUE,Mediatek,Dimensity 8450,8,3.25,12,256,6200,80,77.5,Standard,6.32,120,200,50,3,Android v16
Samsung,Galaxy M37 5G,Mid-Range,17990,58,-0.913083744,Average Value,TRUE,TRUE,FALSE,Samsung,Octa Core Processor,8,2.5,8,128,5000,45,111.11,Standard,6.67,120,50,16,3,Android v16
Xiaomi,Redmi Turbo 4 Pro,Mid-Range,23990,76,2.218238392,Performance Beast,TRUE,TRUE,TRUE,Qualcomm,Snapdragon 8s Gen 4,8,3.2,12,256,7550,90,83.89,Super Fast,6.83,120,50,20,2,Android v15
Realme,Narzo 90,Mid-Range,18999,62,-0.21723438,Average Value,TRUE,FALSE,FALSE,Mediatek,Dimensity 6400 Max,8,2.5,6,128,7000,60,116.67,Standard,6.57,120,50,50,2,Android v15
Oppo,K15,Mid-Range,23999,63,-0.04327204,Average Value,TRUE,FALSE,TRUE,Mediatek,Octa Core Processor,8,2.5,8,128,7500,100,75,Super Fast,6.67,120,50,32,2,Android v16
Tecno,Camon 40 Pro 5G,Mid-Range,25990,66,0.478614983,Average Value,TRUE,TRUE,TRUE,Mediatek,Dimensity 7300,8,2.5,8,256,5200,45,115.56,Standard,6.78,144,50,50,2,Android v15
Samsung,Galaxy A35 5G,Mid-Range,26990,63,-0.04327204,Average Value,TRUE,TRUE,FALSE,Samsung,Exynos 1380,8,2.4,8,128,5000,25,200,Slow Charging,6.6,120,50,13,3,Android v14
Apple,iPhone 17 Pro Max,Flagship,149900,81,-0.296412762,Average Value,TRUE,TRUE,FALSE,Apple,Apple A19 Pro,6,4.04,12,256,4832,90,53.69,Super Fast,6.9,120,48,18,3,iOS v19
Vivo,X300,Flagship,75998,86,0.30041834,Average Value,TRUE,TRUE,TRUE,Mediatek,Dimensity 9500,8,4.21,12,256,6040,90,67.11,Super Fast,6.31,120,200,50,3,Android v16
Nothing,Phone 3a,Mid-Range,24999,67,0.652577324,Average Value,TRUE,TRUE,FALSE,Qualcomm,Snapdragon 7s Gen 3,8,2.5,8,128,5000,50,100,Standard,6.77,120,50,32,3,Android v15
Vivo,T4 5G,Mid-Range,24299,67,0.652577324,Average Value,TRUE,FALSE,TRUE,Qualcomm,Snapdragon 7s Gen 3,8,2.5,8,128,7300,90,81.11,Super Fast,6.77,120,50,32,2,Android v15
Vivo,V70 Elite 5G,Premium,56999,85,1.531532392,Value King,TRUE,TRUE,TRUE,Qualcomm,Snapdragon 8s Gen 3,8,3,12,256,6500,90,72.22,Super Fast,6.59,120,50,50,3,Android v16
Iqoo,15,Flagship,72998,93,1.135981882,Value King,TRUE,TRUE,TRUE,Qualcomm,Snapdragon 8 Elite Gen 5,8,4.6,12,256,7000,100,70,Super Fast,6.85,144,50,32,3,Android v16
Oppo,K12s,Budget,12990,64,2.199861486,Performance Beast,TRUE,TRUE,TRUE,Qualcomm,Snapdragon 6 Gen 4,8,2.3,8,128,7000,80,87.5,Standard,6.67,120,50,16,2,Android v15
Samsung,Galaxy A17 5G,Mid-Range,18900,58,-0.913083744,Average Value,TRUE,TRUE,FALSE,Samsung,Exynos 1330,8,2.4,6,128,5000,25,200,Slow Charging,6.7,90,50,13,3,Android v15
Vivo,V70 FE 5G,Premium,44999,81,0.90682839,Average Value,TRUE,TRUE,TRUE,Mediatek,Dimensity 7360 Turbo,8,2.5,12,256,7000,90,77.78,Super Fast,6.83,120,200,50,2,Android v16
Iqoo,Z11 Turbo,Premium,31990,79,0.594476389,Average Value,TRUE,TRUE,TRUE,Qualcomm,Snapdragon 8 Gen 5,8,3.8,12,256,7600,100,76,Super Fast,6.59,144,200,32,2,Android v16
Oppo,Reno 14 5G,Premium,39999,76,0.125948388,Average Value,TRUE,FALSE,TRUE,Mediatek,Dimensity 8350,8,3.35,8,256,6000,80,75,Standard,6.59,120,50,50,3,Android v15
Xiaomi,Redmi 14C 5G,Budget,9499,52,0.117680993,Average Value,TRUE,FALSE,FALSE,Qualcomm,Snapdragon 4 Gen 2,8,2.2,4,64,5160,18,286.67,Slow Charging,6.88,120,50,8,2,Android v14
Apple,iPhone 15,Premium,59900,64,-1.748163619,Overpriced,TRUE,TRUE,FALSE,Apple,Bionic A16,6,3.46,6,128,3349,80,41.86,Standard,6.1,60,48,12,2,iOS v17
Vivo,T5x 5G,Mid-Range,20999,67,0.652577324,Average Value,TRUE,FALSE,TRUE,Mediatek,Dimensity 7400 Turbo,8,2.6,8,128,7200,44,163.64,Standard,6.76,120,50,32,2,Android v16
Lava,Bold 5G,Budget,10999,59,1.332286281,Value King,TRUE,FALSE,FALSE,Mediatek,Dimensity 6300,8,2.4,4,128,5000,33,151.52,Standard,6.67,120,64,16,2,Android v14
Nothing,Phone 4a,Premium,31999,71,-0.654931615,Average Value,TRUE,TRUE,FALSE,Qualcomm,Snapdragon 7s Gen 4,8,2.7,8,128,5400,50,108,Standard,6.78,120,50,32,3,Android v16
Oneplus,Turbo 6,Mid-Range,29999,75,2.044276051,Performance Beast,TRUE,TRUE,TRUE,Qualcomm,Snapdragon 8s Gen 4,8,3.2,12,256,9000,80,112.5,Standard,6.78,165,50,16,2,Android v16
Samsung,Galaxy A27 5G,Mid-Range,29999,62,-0.21723438,Average Value,TRUE,TRUE,FALSE,Samsung,Octa Core Processor,8,2.5,6,128,5500,25,220,Slow Charging,6.74,120,50,13,3,Android v16
Samsung,Galaxy A57 5G,Premium,56999,74,-0.186403614,Average Value,TRUE,TRUE,FALSE,Samsung,Exynos 1680,8,2.9,8,256,5000,45,111.11,Standard,6.7,120,50,12,3,Android v16
Honor,Magic 8 Pro Air,Premium,49990,76,0.125948388,Average Value,TRUE,TRUE,FALSE,Mediatek,Dimensity 9500,8,4.21,12,256,5500,80,68.75,Standard,6.31,120,64,50,3,Android v16
Vivo,Y31d,Budget,11990,55,0.638226116,Average Value,FALSE,FALSE,TRUE,Qualcomm,Snapdragon 6s Gen 2 4G,8,2.9,6,128,7200,44,163.64,Standard,6.75,120,50,8,2,Android v16
Samsung,Galaxy S26 5G,Flagship,75800,77,-0.773877643,Average Value,TRUE,TRUE,FALSE,Samsung,Exynos 2600,10,3.8,12,256,4300,25,172,Slow Charging,6.3,120,50,12,3,Android v16
Xiaomi,Redmi Note 15 Pro 5G,Mid-Range,28999,72,1.522389029,Value King,TRUE,FALSE,TRUE,Mediatek,Dimensity 7400 Ultra,8,2.6,8,128,6580,45,146.22,Standard,6.83,120,200,20,2,Android v15
Xiaomi,Redmi Note 14 SE 5G,Mid-Range,17999,64,0.130690301,Average Value,TRUE,FALSE,TRUE,Mediatek,Dimensity 7025 Ultra,8,2.5,6,128,5110,45,113.56,Standard,6.67,120,50,20,3,Android v14
Google,Pixel 9A,Premium,39999,68,-1.123459617,Overpriced,TRUE,TRUE,FALSE,Google,Tensor G4,8,3.1,8,256,5100,23,221.74,Slow Charging,6.3,120,48,13,2,Android v15
Motorola,Edge 60 Stylus,Mid-Range,20750,67,0.652577324,Average Value,TRUE,TRUE,FALSE,Qualcomm,Snapdragon 7s Gen 2,8,2.4,8,256,5000,68,73.53,Standard,6.7,120,50,32,2,Android v15
Motorola,Signature,Premium,52990,86,1.687708393,Value King,TRUE,TRUE,FALSE,Qualcomm,Snapdragon 8 Gen 5,8,3.8,12,256,5200,90,57.78,Super Fast,6.8,165,50,50,3,Android v16
Iqoo,Neo 10R,Premium,31990,72,-0.498755615,Average Value,TRUE,FALSE,TRUE,Qualcomm,Snapdragon 8s Gen 3,8,3,8,128,6400,80,80,Standard,6.78,144,50,32,2,Android v15
Motorola,Edge 70 5G,Mid-Range,29990,75,2.044276051,Performance Beast,TRUE,TRUE,FALSE,Qualcomm,Snapdragon 7 Gen 4,8,2.8,8,256,5000,68,73.53,Standard,6.7,120,50,50,2,Android v16
Poco,M7 Plus 5G,Mid-Range,15716,59,-0.739121403,Average Value,TRUE,FALSE,TRUE,Qualcomm,Snapdragon 6s Gen 3,8,2.3,6,128,7000,33,212.12,Standard,6.9,144,50,8,1,Android v15
Samsung,Galaxy M57 5G,Mid-Range,29990,62,-0.21723438,Average Value,TRUE,FALSE,FALSE,Samsung,Exynos,8,2.5,8,128,5500,45,122.22,Standard,6.77,120,50,16,3,Android v16
Poco,M7 Pro 5G,Budget,14999,61,1.679316363,Value King,TRUE,FALSE,TRUE,Mediatek,Dimensity 7025 Ultra,8,2.5,6,128,5110,45,113.56,Standard,6.67,120,50,20,2,Android v14
Oppo,Reno 15 5G,Premium,45999,79,0.594476389,Average Value,TRUE,FALSE,TRUE,Qualcomm,Snapdragon 7 Gen 4,8,2.8,8,256,6500,80,81.25,Standard,6.59,120,50,50,3,Android v16
Apple,iPhone 15 Plus,Premium,59994,66,-1.435811618,Overpriced,TRUE,TRUE,FALSE,Apple,Bionic A16,6,3.46,6,128,4383,80,54.79,Standard,6.7,60,48,12,2,iOS v17
Oppo,K15 Pro,Premium,42999,75,-0.030227613,Average Value,TRUE,TRUE,TRUE,Mediatek,Dimensity 8500,8,3.4,12,256,7500,80,93.75,Standard,6.59,144,50,16,2,Android v16
Google,Pixel 10 5G,Premium,59990,74,-0.186403614,Average Value,TRUE,TRUE,FALSE,Google,Tensor G5,8,3.78,12,128,4970,30,165.67,Standard,6.3,120,48,10,3,Android v16
Vivo,X200 FE,Premium,54999,84,1.375356392,Value King,TRUE,TRUE,TRUE,Mediatek,Dimensity 9300 Plus,8,3.25,12,256,6500,90,72.22,Super Fast,6.31,120,50,50,3,Android v15
Realme,Neo 8,Mid-Range,29990,76,2.218238392,Performance Beast,TRUE,TRUE,TRUE,Qualcomm,Snapdragon 8 Gen 5,8,3.8,12,256,8000,80,100,Standard,6.78,165,50,16,3,Android v16
Realme,P1 5G,Budget,13999,58,1.15877124,Value King,TRUE,FALSE,FALSE,Mediatek,Dimensity 7050,8,2.6,6,128,5000,45,111.11,Standard,6.67,120,50,16,2,Android v14
Samsung,Galaxy M36 5G,Mid-Range,16950,59,-0.739121403,Average Value,TRUE,FALSE,FALSE,Samsung,Exynos 1380,8,2.4,8,128,5000,25,200,Slow Charging,6.7,120,50,13,3,Android v15
Samsung,Galaxy M17e 5G,Budget,12999,54,0.464711075,Average Value,TRUE,FALSE,FALSE,Mediatek,Dimensity 6300,8,2.4,4,128,6000,25,240,Slow Charging,6.7,120,50,8,2,Android v16
Poco,X8 Pro Max,Premium,42999,83,1.219180391,Value King,TRUE,FALSE,TRUE,Mediatek,Dimensity 9500s,8,3.73,12,256,9000,100,90,Super Fast,6.83,120,50,20,2,Android v16
Motorola,Moto G45 5G,Budget,12269,55,0.638226116,Average Value,TRUE,FALSE,FALSE,Qualcomm,Snapdragon 6s Gen 3,8,2.3,8,128,5000,20,250,Slow Charging,6.5,120,50,16,2,Android v14
Oneplus,13R 5G,Premium,41999,79,0.594476389,Average Value,TRUE,TRUE,TRUE,Qualcomm,Snapdragon 8 Gen 3,8,3.3,12,256,6000,80,75,Standard,6.78,120,50,16,3,Android v15
Samsung,Galaxy S24 FE 5G,Premium,40499,70,-0.811107616,Average Value,TRUE,TRUE,FALSE,Samsung,Exynos 2400e,10,3.11,8,128,4700,25,188,Slow Charging,6.7,120,50,10,3,Android v14
Oneplus,16,Flagship,89990,90,0.777883221,Average Value,TRUE,TRUE,TRUE,Qualcomm,Snapdragon 8 Elite Gen 6 Pro,8,4.04,12,256,9000,150,60,Super Fast,6.82,240,200,50,3,Android v16
Tecno,Pova 7 5G,Budget,14999,61,1.679316363,Value King,TRUE,TRUE,TRUE,Mediatek,Dimensity 7300 Ultimate,8,2.5,8,128,6000,45,133.33,Standard,6.78,144,50,13,2,Android v15
Realme,GT 7,Premium,36880,83,1.219180391,Value King,TRUE,TRUE,TRUE,Mediatek,Dimensity 9400e,8,3.4,8,256,7000,120,58.33,Super Fast,6.78,120,50,32,3,Android v15
Cmf,Phone 3 Pro,Mid-Range,24990,63,-0.04327204,Average Value,TRUE,FALSE,FALSE,Qualcomm,Snapdragon 7s Gen 4,8,2.5,8,128,6000,48,125,Standard,6.81,144,50,32,3,Android v16
Oppo,F31 5G,Mid-Range,26999,64,0.130690301,Average Value,TRUE,FALSE,TRUE,Mediatek,Dimensity 6300,8,2.4,8,128,7000,80,87.5,Standard,6.57,120,50,16,2,Android v15
Realme,16 5G,Premium,33999,70,-0.811107616,Average Value,TRUE,FALSE,FALSE,Mediatek,Dimensity 6400 Turbo,8,2.5,8,256,7000,60,116.67,Standard,6.57,120,50,50,2,Android v16
Vivo,X200T,Premium,59999,88,2.000060394,Performance Beast,TRUE,TRUE,TRUE,Mediatek,Dimensity 9400 Plus,8,3.63,12,256,6200,90,68.89,Super Fast,6.67,120,50,32,3,Android v16
Samsung,Galaxy F05,Budget,6499,44,-1.270439335,Overpriced,FALSE,FALSE,FALSE,Mediatek,Helio G85,8,2,4,64,5000,25,200,Slow Charging,6.74,120,50,8,2,Android v14
Vivo,V70 FE 5G,Premium,40999,80,0.75065239,Average Value,TRUE,TRUE,TRUE,Mediatek,Dimensity 7360 Turbo,8,2.5,8,256,7000,90,77.78,Super Fast,6.83,120,200,50,2,Android v16
Google,Pixel 10A,Premium,47480,76,0.125948388,Average Value,TRUE,TRUE,FALSE,Google,Tensor G4,8,3.1,8,256,5100,30,170,Standard,6.3,120,48,13,2,Android v16
Vivo,X300 Pro 5G,Flagship,109998,95,1.374714323,Value King,TRUE,TRUE,TRUE,Mediatek,Dimensity 9500,8,4.21,16,512,6510,90,72.33,Super Fast,6.78,120,200,50,3,Android v16
Xiaomi,Redmi 15 5G,Mid-Range,16499,61,-0.391196721,Average Value,TRUE,FALSE,TRUE,Qualcomm,Snapdragon 6s Gen 3,8,2.3,6,128,7000,33,212.12,Standard,6.9,144,50,8,2,Android v15
Cmf,Phone 2 Pro,Mid-Range,18999,62,-0.21723438,Average Value,TRUE,FALSE,FALSE,Mediatek,Dimensity 7300 Pro,8,2.5,8,128,5000,33,151.52,Standard,6.77,120,50,16,3,Android v15
Motorola,Moto G67 Power 5G,Mid-Range,19999,64,0.130690301,Average Value,TRUE,FALSE,FALSE,Qualcomm,Snapdragon 7s Gen 2,8,2.4,8,256,7000,30,233.33,Standard,6.7,120,50,32,2,Android v15
Apple,iPhone 16 Pro,Flagship,103990,75,-1.012610084,Overpriced,TRUE,TRUE,FALSE,Apple,Bionic A18 Pro,6,4.05,8,128,3582,90,39.8,Super Fast,6.3,120,48,12,3,iOS v18
Samsung,Galaxy A37 5G,Premium,38999,67,-1.279635617,Overpriced,TRUE,TRUE,FALSE,Samsung,Exynos 1480,8,2.7,8,128,5000,45,111.11,Standard,6.7,120,50,12,3,Android v16
Honor,Robot Phone,Flagship,99990,85,0.181052119,Average Value,TRUE,TRUE,TRUE,Mediatek,Dimensity 7400 Ultra,8,2.6,12,512,7000,120,58.33,Super Fast,6.71,120,200,50,2,Android v16
Tecno,Spark Go 5G,Budget,9999,52,0.117680993,Average Value,TRUE,FALSE,TRUE,Mediatek,Dimensity 6400,8,2.5,4,128,6000,18,333.33,Slow Charging,6.74,120,50,5,1,Android v15
Xiaomi,Redmi Note 15 SE 5G,Mid-Range,21999,66,0.478614983,Average Value,TRUE,FALSE,TRUE,Qualcomm,Snapdragon 6 Gen 3,8,2.4,8,128,5800,45,128.89,Standard,6.77,120,50,20,2,Android v15
Iqoo,Neo 11,Premium,39990,81,0.90682839,Average Value,TRUE,TRUE,TRUE,Qualcomm,Snapdragon 8 Elite,8,4.32,12,256,7500,100,75,Super Fast,6.78,144,50,16,2,Android v16
Iqoo,Z11x 5G,Mid-Range,22999,67,0.652577324,Average Value,TRUE,FALSE,TRUE,Mediatek,Dimensity 7400 Turbo,8,2.6,8,256,7200,44,163.64,Standard,6.76,120,50,32,2,Android v16
Oneplus,15 5G,Flagship,79999,95,1.374714323,Value King,TRUE,TRUE,TRUE,Qualcomm,Snapdragon 8 Elite Gen 5,8,4.6,16,512,7300,120,60.83,Super Fast,6.78,165,50,32,3,Android v16
Realme,Narzo 80x 5G,Budget,13999,58,1.15877124,Value King,TRUE,FALSE,FALSE,Mediatek,Dimensity 6400,8,2.5,8,128,6000,45,133.33,Standard,6.72,120,50,8,2,Android v15
Vivo,V60e,Premium,31999,75,-0.030227613,Average Value,TRUE,TRUE,TRUE,Mediatek,Dimensity 7360 Turbo,8,2.5,8,128,6500,90,72.22,Super Fast,6.77,120,200,50,2,Android v15
Iqoo,Z10 5G,Mid-Range,24998,67,0.652577324,Average Value,TRUE,FALSE,TRUE,Qualcomm,Snapdragon 7s Gen 3,8,2.5,8,128,7300,90,81.11,Super Fast,6.77,120,50,32,2,Android v15
Honor,WIN RT,Premium,34999,76,0.125948388,Average Value,TRUE,TRUE,TRUE,Qualcomm,Snapdragon 8 Elite,8,4.32,12,256,10000,100,100,Super Fast,6.83,185,50,50,2,Android v16
Samsung,Galaxy A36 5G,Mid-Range,29953,64,0.130690301,Average Value,TRUE,TRUE,FALSE,Qualcomm,Snapdragon 6 Gen 3,8,2.4,8,128,5000,45,111.11,Standard,6.7,120,50,12,3,Android v15
Iqoo,Neo 10,Premium,35990,77,0.282124388,Average Value,TRUE,TRUE,TRUE,Qualcomm,Snapdragon 8s Gen 4,8,3.2,8,128,7000,120,58.33,Super Fast,6.78,144,50,32,2,Android v15
Samsung,Galaxy S25 5G,Flagship,74999,79,-0.535145203,Average Value,TRUE,TRUE,FALSE,Qualcomm,Snapdragon 8 Elite,8,4.47,12,256,4000,25,160,Slow Charging,6.2,120,50,12,3,Android v15
Oneplus,13s 5G,Premium,52999,80,0.75065239,Average Value,TRUE,TRUE,TRUE,Qualcomm,Snapdragon 8 Elite,8,4.32,12,256,5850,80,73.12,Standard,6.32,120,50,32,2,Android v15
Oppo,K13,Mid-Range,21380,63,-0.04327204,Average Value,TRUE,FALSE,TRUE,Qualcomm,Snapdragon 6 Gen 4,8,2.3,8,256,7000,80,87.5,Standard,6.67,120,50,16,2,Android v15
Oppo,K14x 5G,Budget,14999,54,0.464711075,Average Value,TRUE,FALSE,FALSE,Mediatek,Dimensity 6300,8,2.4,4,128,6500,45,144.44,Standard,6.75,120,50,5,2,Android v15
Vivo,T4R 5G,Mid-Range,22798,66,0.478614983,Average Value,TRUE,FALSE,FALSE,Mediatek,Dimensity 7400,8,2.6,8,128,5700,44,129.55,Standard,6.77,120,50,32,2,Android v15
Oppo,K13 Turbo,Mid-Range,26550,68,0.826539665,Average Value,TRUE,FALSE,TRUE,Mediatek,Dimensity 8450,8,3.25,8,128,7000,80,87.5,Standard,6.8,120,50,16,2,Android v15
Motorola,Moto G05,Budget,7299,49,-0.40286413,Average Value,FALSE,TRUE,FALSE,Mediatek,Helio G81 Ultra,8,2,4,64,5200,18,288.89,Slow Charging,6.67,90,50,8,1,Android v15
Vivo,T4 Pro 5G,Mid-Range,29240,71,1.348426688,Value King,TRUE,FALSE,TRUE,Qualcomm,Snapdragon 7 Gen 4,8,2.8,8,256,6500,90,72.22,Super Fast,6.77,120,50,32,3,Android v15
Samsung,Galaxy S24 Ultra,Flagship,109999,85,0.181052119,Average Value,TRUE,TRUE,FALSE,Qualcomm,Snapdragon 8 Gen 3,8,3.3,12,256,5000,45,111.11,Standard,6.8,120,200,12,4,Android v14
Vivo,Y400 Pro 5G,Mid-Range,25999,63,-0.04327204,Average Value,TRUE,FALSE,TRUE,Mediatek,Dimensity 7300,8,2.5,8,128,5500,90,61.11,Super Fast,6.77,120,50,32,2,Android v15
Samsung,Galaxy M14 4G,Budget,7773,48,-0.576379171,Average Value,FALSE,FALSE,FALSE,Qualcomm,Snapdragon 680,8,2.4,4,64,5000,25,200,Slow Charging,6.72,90,50,13,3,Android v13
Xiaomi,Redmi Note 15 Pro Plus,Premium,36999,79,0.594476389,Average Value,TRUE,TRUE,TRUE,Qualcomm,Snapdragon 7s Gen 4,8,2.7,8,256,6500,100,65,Super Fast,6.83,120,200,32,2,Android v15
Vivo,T4 Ultra,Premium,37690,74,-0.186403614,Average Value,TRUE,TRUE,FALSE,Mediatek,Dimensity 9300 Plus,8,3.25,8,256,5500,90,61.11,Super Fast,6.67,120,50,32,3,Android v15
Motorola,Moto G35 5G,Budget,13495,57,0.985256198,Average Value,TRUE,FALSE,FALSE,Unisoc,Unisoc T760,8,2.2,4,128,5000,18,277.78,Slow Charging,6.72,120,50,16,2,Android v14
Motorola,Edge 70 Fusion 5G,Premium,32999,74,-0.186403614,Average Value,TRUE,TRUE,FALSE,Qualcomm,Snapdragon 7s Gen 4,8,2.7,12,256,7000,68,102.94,Standard,6.78,144,50,32,3,Android v16
Realme,P4 Lite 5G,Budget,13499,49,-0.40286413,Average Value,TRUE,FALSE,FALSE,Mediatek,Dimensity 6300,8,2.4,4,64,7000,15,466.67,Slow Charging,6.81,144,13,5,1,Android v16
Samsung,Galaxy S26 FE,Flagship,65990,75,-1.012610084,Overpriced,TRUE,TRUE,FALSE,Samsung,Exynos 2500,10,3.3,8,128,5100,55,92.73,Standard,6.73,120,50,16,3,Android v16
Samsung,Galaxy M17e 5G,Budget,14972,54,0.464711075,Average Value,TRUE,FALSE,FALSE,Mediatek,Dimensity 6300,8,2.4,6,128,6000,25,240,Slow Charging,6.7,120,50,8,2,Android v16
Oppo,K14,Mid-Range,18884,62,-0.21723438,Average Value,TRUE,TRUE,TRUE,Mediatek,Dimensity 6300,8,2.4,6,128,7000,45,155.56,Standard,6.75,120,50,8,2,Android v15
Motorola,Edge 60 Fusion 5G,Mid-Range,24832,68,0.826539665,Average Value,TRUE,FALSE,FALSE,Mediatek,Dimensity 7400,8,2.5,12,256,5500,68,80.88,Standard,6.7,120,50,32,2,Android v15
Samsung,Galaxy S26 Ultra,Flagship,132499,95,1.374714323,Value King,TRUE,TRUE,FALSE,Qualcomm,Snapdragon 8 Elite Gen 5 for Galaxy,8,4.74,12,512,5000,60,83.33,Standard,6.9,120,200,12,4,Android v16
Vivo,Y51 Pro,Mid-Range,24999,62,-0.21723438,Average Value,TRUE,FALSE,TRUE,Mediatek,Dimensity 7360 Turbo,8,2.5,8,128,7200,44,163.64,Standard,6.75,120,50,8,2,Android v16
Oppo,Reno 14 Pro 5G,Premium,45499,85,1.531532392,Value King,TRUE,TRUE,TRUE,Mediatek,Dimensity 8450,8,3.25,12,256,6200,80,77.5,Standard,6.83,120,50,50,3,Android v15
Apple,iPhone 17 Pro,Flagship,134900,74,-1.131976304,Overpriced,TRUE,TRUE,FALSE,Apple,Apple A19 Pro,6,4.04,12,256,3988,90,44.31,Super Fast,6.3,120,48,18,3,iOS v19
Vivo,Y37c,Budget,7999,45,-1.096924294,Overpriced,TRUE,FALSE,FALSE,Unisoc,Unisoc T7225,8,2,6,128,5500,15,366.67,Slow Charging,6.56,90,13,5,2,Android v14
Samsung,Galaxy M17 5G,Budget,13999,54,0.464711075,Average Value,TRUE,TRUE,FALSE,Samsung,Exynos 1330,8,2.4,4,128,5000,25,200,Slow Charging,6.7,90,50,13,3,Android v15
Nothing,Phone 3a Lite,Mid-Range,21869,63,-0.04327204,Average Value,TRUE,TRUE,FALSE,Mediatek,Dimensity 7300 Pro,8,2.5,8,128,5000,33,151.52,Standard,6.77,120,50,16,3,Android v15
Vivo,V70 Elite,Premium,51999,83,1.219180391,Value King,TRUE,TRUE,TRUE,Qualcomm,Snapdragon 8s Gen 3,8,3,8,256,6500,90,72.22,Super Fast,6.59,120,50,50,3,Android v16
Vivo,T4 Lite 5G,Budget,13999,52,0.117680993,Average Value,TRUE,FALSE,FALSE,Mediatek,Dimensity 6300,8,2.4,4,128,6000,15,400,Slow Charging,6.74,90,50,5,2,Android v15
Poco,F7 5G,Premium,35899,76,0.125948388,Average Value,TRUE,TRUE,TRUE,Qualcomm,Snapdragon 8s Gen 4,8,3.2,12,256,7550,90,83.89,Super Fast,6.83,120,50,20,2,Android v15
Apple,iPhone 13,Premium,45690,55,-3.153747624,Overpriced,TRUE,TRUE,FALSE,Apple,Bionic A15,6,3.22,4,128,3240,80,40.5,Standard,6.1,60,12,12,2,iOS v15
Oneplus,Turbo 6V,Mid-Range,24990,71,1.348426688,Value King,TRUE,TRUE,TRUE,Qualcomm,Snapdragon 7s Gen 4,8,2.7,8,256,9000,80,112.5,Standard,6.78,144,50,16,2,Android v16
Infinix,Note 60,Mid-Range,19990,70,1.174464347,Value King,TRUE,TRUE,TRUE,Mediatek,Dimensity 7400,8,2.6,8,128,6500,45,144.44,Standard,6.78,144,50,13,2,Android v16
Vivo,Y31 5G,Mid-Range,18999,57,-1.087046085,Overpriced,TRUE,FALSE,FALSE,Qualcomm,Snapdragon 4 Gen 2,8,2.2,4,128,6500,44,147.73,Standard,6.68,120,50,8,1,Android v15
Oppo,Find N6,Flagship,129990,97,1.613446764,Value King,TRUE,TRUE,TRUE,Qualcomm,Snapdragon 8 Elite Gen 5,8,4.6,12,256,6000,80,75,Standard,8.12,120,200,20,3,Android v16
Realme,16 5G,Premium,36999,71,-0.654931615,Average Value,TRUE,FALSE,FALSE,Mediatek,Dimensity 6400 Turbo,8,2.5,12,256,7000,60,116.67,Standard,6.57,120,50,50,2,Android v16
Realme,P3 Ultra,Mid-Range,25999,67,0.652577324,Average Value,TRUE,FALSE,TRUE,Mediatek,Dimensity 8350 Ultra,8,3.35,8,128,6000,80,75,Standard,6.83,120,50,16,2,Android v15
Realme,GT 6 5G,Premium,32999,77,0.282124388,Average Value,TRUE,TRUE,TRUE,Qualcomm,Snapdragon 8s Gen 3,8,3,16,512,5500,120,45.83,Super Fast,6.78,120,50,32,3,Android v14
Infinix,Note 50 Pro 5G,Mid-Range,23990,71,1.348426688,Value King,TRUE,TRUE,TRUE,Mediatek,Dimensity 7200,8,2.8,8,256,5000,65,76.92,Standard,6.78,144,50,50,3,Android v15
Realme,P4 Power 5G,Mid-Range,27949,74,1.87031371,Value King,TRUE,FALSE,TRUE,Mediatek,Dimensity 7400 Ultra,8,2.6,8,256,10001,80,125.01,Standard,6.8,144,50,16,2,Android v16
Vivo,Y05,Budget,9999,45,-1.096924294,Overpriced,FALSE,FALSE,TRUE,Unisoc,Unisoc T7225,8,2,4,64,6500,15,433.33,Slow Charging,6.74,90,8,5,1,Android v16
Vivo,V70 5G,Premium,46475,84,1.375356392,Value King,TRUE,TRUE,TRUE,Qualcomm,Snapdragon 7 Gen 4,8,2.8,12,256,6500,90,72.22,Super Fast,6.59,120,50,50,3,Android v16
Realme,P4 5G,Mid-Range,22999,67,0.652577324,Average Value,TRUE,FALSE,TRUE,Mediatek,Dimensity 7400 Ultra,8,2.6,8,256,7000,80,87.5,Standard,6.77,144,50,16,2,Android v15
Motorola,Edge 50 Fusion,Mid-Range,20849,67,0.652577324,Average Value,TRUE,TRUE,FALSE,Qualcomm,Snapdragon 7s Gen 2,8,2.4,8,128,5000,68,73.53,Standard,6.67,144,50,32,2,Android v14
Vivo,V50 5G,Mid-Range,29999,68,0.826539665,Average Value,TRUE,FALSE,FALSE,Qualcomm,Snapdragon 7 Gen 3,8,2.63,8,128,6000,90,66.67,Super Fast,6.77,120,50,50,2,Android v15
Xiaomi,Redmi Note 14 Pro 5G,Mid-Range,21999,62,-0.21723438,Average Value,TRUE,FALSE,TRUE,Mediatek,Dimensity 7300 Ultra,8,2.5,8,128,5500,45,122.22,Standard,6.67,120,50,20,3,Android v14
Oppo,A6x 5G,Mid-Range,16999,50,-2.304782471,Overpriced,TRUE,FALSE,FALSE,Mediatek,Dimensity 6300,8,2.4,4,64,6500,45,144.44,Standard,6.75,120,13,5,1,Android v15
Redmagic,11 Pro Plus,Flagship,69990,80,-0.415778982,Average Value,TRUE,TRUE,TRUE,Qualcomm,Snapdragon 8 Elite Gen 5,8,4.6,12,256,7500,120,62.5,Super Fast,6.85,144,50,16,3,Android v16
Infinix,Note 50X 5G,Budget,13499,55,0.638226116,Average Value,TRUE,FALSE,TRUE,Mediatek,Dimensity 7300 Ultimate,8,2.5,6,128,5500,45,122.22,Standard,6.67,120,50,8,2,Android v15
Vivo,X400,Flagship,79990,84,0.061685899,Average Value,TRUE,TRUE,TRUE,Mediatek,Octa Core Processor,8,4.04,12,256,7000,100,70,Super Fast,6.45,120,200,50,3,Android v17
Honor,600 Lite 5G,Premium,30999,66,-1.435811618,Overpriced,TRUE,TRUE,FALSE,Mediatek,Dimensity 7100,8,2.4,8,256,6520,45,144.89,Standard,6.6,120,108,16,2,Android v16
Xiaomi,Redmi 15C 5G,Budget,14999,55,0.638226116,Average Value,TRUE,FALSE,FALSE,Mediatek,Dimensity 6300,8,2.4,4,128,6000,33,181.82,Standard,6.9,120,50,8,2,Android v15
Xiaomi,Redmi Note 16,Mid-Range,18990,68,0.826539665,Average Value,FALSE,FALSE,TRUE,Mediatek,Dimensity 6300,8,2.4,8,128,10000,100,100,Super Fast,6.82,120,200,32,3,Android v16
Infinix,Hot 50 5G,Budget,9999,53,0.291196034,Average Value,TRUE,FALSE,FALSE,Mediatek,Dimensity 6300,8,2.4,4,128,5000,18,277.78,Slow Charging,6.7,120,48,8,2,Android v14
Iqoo,Z10x,Mid-Range,16998,57,-1.087046085,Overpriced,TRUE,FALSE,TRUE,Mediatek,Dimensity 7300,8,2.5,6,128,6500,44,147.73,Standard,6.72,120,50,8,2,Android v15
Xiaomi,17 Ultra,Flagship,139999,94,1.255348103,Value King,TRUE,TRUE,TRUE,Qualcomm,Snapdragon 8 Elite Gen 5,8,4.6,16,512,6000,90,66.67,Super Fast,6.9,120,200,50,3,Android v16
Samsung,Galaxy S24 5G,Premium,55999,72,-0.498755615,Average Value,TRUE,TRUE,FALSE,Qualcomm,Snapdragon 8 Gen 3,8,3.3,8,256,4000,25,160,Slow Charging,6.2,120,50,12,3,Android v15
Oppo,F31 Pro Plus 5G,Premium,32999,70,-0.811107616,Average Value,TRUE,FALSE,FALSE,Qualcomm,Snapdragon 7 Gen 3,8,2.63,8,256,7000,80,87.5,Standard,6.8,120,50,32,2,Android v15
Poco,C85x,Budget,10999,53,0.291196034,Average Value,TRUE,FALSE,FALSE,Unisoc,Unisoc T8300,8,2.2,4,64,6300,15,420,Slow Charging,6.9,120,32,8,1,Android v16
Lava,Yuva Smart,Budget,5099,39,-2.138014541,Overpriced,FALSE,FALSE,FALSE,Unisoc,Unisoc SC9863A,8,1.6,3,64,5000,10,500,Slow Charging,6.75,120,13,5,2,Android v14
Redmagic,Red Magic 11 Pro,Flagship,60990,86,0.30041834,Average Value,TRUE,TRUE,TRUE,Qualcomm,Snapdragon 8 Elite Gen 5,8,4.6,12,256,8000,80,100,Standard,6.85,144,50,16,3,Android v16
Oneplus,Nord 5,Premium,39999,79,0.594476389,Average Value,TRUE,TRUE,TRUE,Qualcomm,Snapdragon 8s Gen 3,8,3,12,512,6800,80,85,Standard,6.83,144,50,50,2,Android v15
Oppo,F31 Pro 5G,Mid-Range,27999,66,0.478614983,Average Value,TRUE,FALSE,FALSE,Mediatek,Dimensity 7300 Energy,8,2.5,8,128,7000,80,87.5,Standard,6.57,120,50,32,2,Android v15
Motorola,Razr 60 Ultra,Flagship,79999,98,1.732812984,Value King,TRUE,TRUE,FALSE,Qualcomm,Snapdragon 8 Elite,8,4.32,16,512,4700,68,69.12,Standard,6.96,165,50,50,2,Android v16
Xiaomi,Redmi Note 14,Mid-Range,16499,62,-0.21723438,Average Value,TRUE,FALSE,TRUE,Mediatek,Dimensity 7025 Ultra,8,2.5,6,128,5110,45,113.56,Standard,6.67,120,50,20,3,Android v14
Realme,P5 5G,Mid-Range,19990,63,-0.04327204,Average Value,TRUE,FALSE,TRUE,Mediatek,Octa Core Processor,8,2.5,6,128,7500,100,75,Super Fast,6.77,144,50,16,2,Android v16
Realme,14 Pro Plus,Mid-Range,25999,67,0.652577324,Average Value,TRUE,FALSE,FALSE,Qualcomm,Snapdragon 7s Gen 3,8,2.5,8,256,6000,80,75,Standard,6.83,120,50,32,3,Android v15
Poco,X7 Pro,Mid-Range,25999,71,1.348426688,Value King,TRUE,TRUE,TRUE,Mediatek,Dimensity 8400 Ultra,8,3.25,12,256,6550,90,72.78,Super Fast,6.67,120,50,20,2,Android v15
Vivo,Y400 5G,Mid-Range,25999,64,0.130690301,Average Value,TRUE,FALSE,FALSE,Qualcomm,Snapdragon 4 Gen 2,8,2.2,8,128,6000,90,66.67,Super Fast,6.67,120,50,32,2,Android v15
Google,Pixel 10 Pro,Flagship,109999,81,-0.296412762,Average Value,TRUE,TRUE,FALSE,Google,Tensor G5,8,3.78,16,256,4870,30,162.33,Standard,6.3,120,50,42,3,Android v16
Oneplus,Nord CE 4 5G,Mid-Range,21999,66,0.478614983,Average Value,TRUE,FALSE,TRUE,Qualcomm,Snapdragon 7 Gen 3,8,2.63,8,256,5500,100,55,Super Fast,6.7,120,50,16,2,Android v14
Samsung,Galaxy F17 5G,Budget,14599,57,0.985256198,Average Value,TRUE,TRUE,FALSE,Samsung,Exynos 1330,8,2.4,4,128,5000,25,200,Slow Charging,6.7,90,50,13,3,Android v15
Realme,Narzo 80 Pro 5G,Mid-Range,19999,63,-0.04327204,Average Value,TRUE,FALSE,FALSE,Mediatek,Dimensity 7400,8,2.6,8,128,6000,80,75,Standard,6.72,120,50,16,2,Android v15
Poco,M7 5G,Budget,12980,53,0.291196034,Average Value,TRUE,FALSE,FALSE,Qualcomm,Snapdragon 4 Gen 2,8,2.2,6,128,5160,18,286.67,Slow Charging,6.88,120,50,8,1,Android v14
Vivo,X300 FE,Flagship,69990,84,0.061685899,Average Value,TRUE,TRUE,TRUE,Qualcomm,Snapdragon 8 Gen 5,8,3.8,12,256,6500,90,72.22,Super Fast,6.31,120,50,50,3,Android v16
Vivo,Y500 5G,Mid-Range,17990,64,0.130690301,Average Value,TRUE,TRUE,FALSE,Mediatek,Dimensity 7300,8,2.5,8,128,8200,90,91.11,Super Fast,6.77,120,50,8,2,Android v15
Nothing,Phone 3a Pro,Mid-Range,27999,66,0.478614983,Average Value,TRUE,TRUE,FALSE,Qualcomm,Snapdragon 7s Gen 3,8,2.5,8,128,5000,50,100,Standard,6.77,120,50,50,3,Android v15
Oppo,Find X9 Pro 5G,Flagship,109999,97,1.613446764,Value King,TRUE,TRUE,TRUE,Mediatek,Dimensity 9500,8,4.21,16,512,7500,80,93.75,Standard,6.78,120,200,50,3,Android v16
Samsung,Galaxy M15 5G Prime Edition,Budget,12999,55,0.638226116,Average Value,TRUE,FALSE,FALSE,Mediatek,Dimensity 6100 Plus,8,2.2,6,128,6000,25,240,Slow Charging,6.5,90,50,13,3,Android v14
Motorola,Moto G85 5G,Mid-Range,19190,63,-0.04327204,Average Value,TRUE,FALSE,FALSE,Qualcomm,Snapdragon 6s Gen 3,8,2.3,12,256,5000,33,151.52,Standard,6.67,120,50,32,2,Android v14
Ai+,Nova 2,Budget,10999,53,0.291196034,Average Value,TRUE,FALSE,FALSE,Unisoc,Unisoc T8200,8,2.3,6,128,5000,18,277.78,Slow Charging,6.75,120,50,8,2,Android v15
Motorola,Edge 60 Pro,Premium,37999,81,0.90682839,Average Value,TRUE,TRUE,FALSE,Mediatek,Dimensity 8350 Extreme,8,3.35,16,512,6000,90,66.67,Super Fast,6.7,120,50,50,3,Android v15
Iqoo,Z10R,Mid-Range,22998,66,0.478614983,Average Value,TRUE,FALSE,FALSE,Mediatek,Dimensity 7400,8,2.6,8,128,5700,44,129.55,Standard,6.77,120,50,32,2,Android v15
Samsung,Galaxy S27 Ultra 5G,Flagship,149990,88,0.53915078,Average Value,TRUE,TRUE,FALSE,Qualcomm,Snapdragon 8 Elite Gen 6 for Galaxy,8,4.04,12,256,5000,35,142.86,Standard,6.9,144,200,12,4,Android v17
Tecno,Spark 50 5G,Mid-Range,16999,54,-1.608933108,Overpriced,TRUE,FALSE,TRUE,Mediatek,Dimensity 6400,8,2.5,4,128,6500,45,144.44,Standard,6.78,120,50,8,1,Android v16
Oppo,Reno 15c,Premium,34999,68,-1.123459617,Overpriced,TRUE,FALSE,TRUE,Qualcomm,Snapdragon 6 Gen 1,8,2.2,8,256,7000,80,87.5,Standard,6.57,120,50,50,3,Android v16
Iqoo,15R,Premium,47998,86,1.687708393,Value King,TRUE,TRUE,TRUE,Qualcomm,Snapdragon 8 Gen 5,8,3.8,12,256,7600,100,76,Super Fast,6.59,144,50,32,2,Android v16
Lava,Bold N1 5G,Budget,7499,45,-1.096924294,Overpriced,TRUE,FALSE,FALSE,Unisoc,Unisoc T765,8,2.3,4,64,5000,10,500,Slow Charging,6.75,120,13,5,1,Android v15
Motorola,Moto G85 5G,Mid-Range,15999,61,-0.391196721,Average Value,TRUE,FALSE,FALSE,Qualcomm,Snapdragon 6s Gen 3,8,2.3,8,128,5000,33,151.52,Standard,6.67,120,50,32,2,Android v14
Samsung,Galaxy S25 Plus,Flagship,74499,79,-0.535145203,Average Value,TRUE,TRUE,FALSE,Qualcomm,Snapdragon 8 Elite,8,4.47,12,256,4900,45,108.89,Standard,6.7,120,50,12,3,Android v15
Realme,16 Pro Plus 5G,Premium,43999,80,0.75065239,Average Value,TRUE,TRUE,TRUE,Qualcomm,Snapdragon 7 Gen 4,8,2.8,8,128,7000,80,87.5,Standard,6.8,144,200,50,3,Android v16
Realme,GT 7,Premium,38999,84,1.375356392,Value King,TRUE,TRUE,TRUE,Mediatek,Dimensity 9400e,8,3.4,12,256,7000,120,58.33,Super Fast,6.78,120,50,32,3,Android v15
Motorola,Edge 60 Pro,Premium,33449,79,0.594476389,Average Value,TRUE,TRUE,FALSE,Mediatek,Dimensity 8350 Extreme,8,3.35,12,256,6000,90,66.67,Super Fast,6.7,120,50,50,3,Android v15
Vivo,Y11 5G,Mid-Range,16999,50,-2.304782471,Overpriced,TRUE,FALSE,TRUE,Mediatek,Dimensity 6300,8,2.4,4,128,6500,15,433.33,Slow Charging,6.74,120,13,5,2,Android v16
Samsung,Galaxy A56 5G,Premium,40999,66,-1.435811618,Overpriced,TRUE,TRUE,FALSE,Samsung,Exynos 1580,8,2.9,8,128,5000,45,111.11,Standard,6.7,120,50,12,3,Android v15
Oneplus,15R,Premium,55499,84,1.375356392,Value King,TRUE,TRUE,TRUE,Qualcomm,Snapdragon 8 Gen 5,8,3.84,12,512,7400,80,92.5,Standard,6.83,165,50,32,2,Android v16
Tecno,Pova 7 Pro 5G,Mid-Range,19299,67,0.652577324,Average Value,TRUE,TRUE,TRUE,Mediatek,Dimensity 7300 Ultimate,8,2.5,8,256,6000,45,133.33,Standard,6.78,144,64,13,2,Android v15
Acer,Super ZX,Budget,9990,52,0.117680993,Average Value,TRUE,FALSE,FALSE,Mediatek,Dimensity 6300,8,2.4,4,128,5000,33,151.52,Standard,6.8,120,64,13,3,Android v15
Lava,Bold 2 5G,Budget,13999,58,1.15877124,Value King,TRUE,FALSE,FALSE,Mediatek,Dimensity 7060,8,2.6,6,128,5000,33,151.52,Standard,6.67,120,50,8,2,Android v15
Samsung,Galaxy M36 5G,Mid-Range,16644,58,-0.913083744,Average Value,TRUE,FALSE,FALSE,Samsung,Exynos 1380,8,2.4,6,128,5000,25,200,Slow Charging,6.7,120,50,13,3,Android v15
Tecno,Camon 50 Pro 5G,Premium,34990,67,-1.279635617,Overpriced,TRUE,TRUE,TRUE,Mediatek,Dimensity 7400,8,2.6,8,256,6500,57,114.04,Standard,6.78,144,50,50,3,Android v16
Google,Pixel 10 5G,Flagship,69999,75,-1.012610084,Overpriced,TRUE,TRUE,FALSE,Google,Tensor G5,8,3.78,12,256,4970,30,165.67,Standard,6.3,120,48,10,3,Android v16
Infinix,Note 50 Pro Plus 5G,Premium,31990,79,0.594476389,Average Value,TRUE,TRUE,TRUE,Mediatek,Dimensity 8350,8,3.35,12,256,5200,100,52,Super Fast,6.78,144,50,32,3,Android v15
Vivo,V60 Lite 5G,Mid-Range,24990,67,0.652577324,Average Value,TRUE,TRUE,FALSE,Mediatek,Dimensity 7360 Turbo,8,2.5,8,256,6500,90,72.22,Super Fast,6.77,120,50,32,2,Android v15
Apple,iPhone 17e,Flagship,64900,63,-2.445004728,Overpriced,TRUE,TRUE,FALSE,Apple,Apple A19,6,4.04,8,256,4005,90,44.5,Super Fast,6.1,60,48,12,1,iOS v19
Realme,P3x 5G,Budget,13999,57,0.985256198,Average Value,TRUE,FALSE,FALSE,Mediatek,Dimensity 6400,8,2.5,8,128,6000,45,133.33,Standard,6.72,120,50,8,2,Android v15
Infinix,GT 30 Pro,Mid-Range,27499,75,2.044276051,Performance Beast,TRUE,TRUE,TRUE,Mediatek,Dimensity 8350 Ultimate,8,3.35,8,256,5500,45,122.22,Standard,6.78,144,108,13,2,Android v15
Oneplus,13,Flagship,62999,86,0.30041834,Average Value,TRUE,TRUE,TRUE,Qualcomm,Snapdragon 8 Elite,8,4.32,12,256,6000,100,60,Super Fast,6.82,120,50,32,3,Android v15
Poco,X7 5G,Mid-Range,19299,64,0.130690301,Average Value,TRUE,TRUE,TRUE,Mediatek,Dimensity 7300 Ultra,8,2.5,8,128,5500,45,122.22,Standard,6.67,120,50,20,3,Android v14
Infinix,GT 50 Pro,Mid-Range,29999,70,1.174464347,Value King,TRUE,TRUE,TRUE,Mediatek,Dimensity 8400,8,3.25,8,256,6150,45,136.67,Standard,6.78,144,50,13,3,Android v16
Honor,600,Premium,44999,72,-0.498755615,Average Value,TRUE,TRUE,TRUE,Qualcomm,Snapdragon 7 Gen 4,8,2.8,12,256,7500,80,93.75,Standard,6.55,120,50,50,2,Android v16
Ai+,Pulse 2,Budget,7999,46,-0.923409253,Average Value,FALSE,FALSE,FALSE,Unisoc,Unisoc T7250,8,1.8,4,64,6000,10,600,Slow Charging,6.75,120,50,8,2,Android v16
Oppo,Reno 15 Pro 5G,Flagship,67999,86,0.30041834,Average Value,TRUE,TRUE,TRUE,Mediatek,Dimensity 8450,8,3.25,12,256,6500,80,81.25,Standard,6.78,120,200,50,3,Android v16
Samsung,Galaxy F56 5G,Mid-Range,23190,64,0.130690301,Average Value,TRUE,FALSE,FALSE,Samsung,Exynos 1480,8,2.7,8,128,5000,45,111.11,Standard,6.74,120,50,12,3,Android v15
Infinix,Note 15 Pro 5G,Mid-Range,19990,64,0.130690301,Average Value,TRUE,FALSE,FALSE,Mediatek,Dimensity 6100 Plus,8,2.2,8,128,5000,66,75.76,Standard,6.8,144,108,32,3,Android v14
Samsung,Galaxy A07 5G,Mid-Range,15990,57,-1.087046085,Overpriced,TRUE,FALSE,FALSE,Mediatek,Dimensity 6300,8,2.4,6,128,6000,25,240,Slow Charging,6.74,120,50,8,2,Android v16
Realme,P4x 5G,Mid-Range,20999,63,-0.04327204,Average Value,TRUE,FALSE,FALSE,Mediatek,Dimensity 7400 Ultra,8,2.6,8,256,7000,45,155.56,Standard,6.72,144,50,8,2,Android v15
Realme,P3 Lite 5G,Budget,12999,55,0.638226116,Average Value,TRUE,TRUE,FALSE,Mediatek,Dimensity 6300,8,2.4,4,128,6000,45,133.33,Standard,6.67,120,32,8,2,Android v15
Realme,P4 5G,Mid-Range,20999,66,0.478614983,Average Value,TRUE,FALSE,TRUE,Mediatek,Dimensity 7400 Ultra,8,2.6,8,128,7000,80,87.5,Standard,6.77,144,50,16,2,Android v15
Oneplus,Nord 6 Naruto Edition,Premium,39990,76,0.125948388,Average Value,TRUE,TRUE,TRUE,Qualcomm,Snapdragon 8s Gen 4,8,3.2,8,256,9000,80,112.5,Standard,6.78,165,50,32,2,Android v16
Xiaomi,Redmi 15A 5G,Mid-Range,16400,59,-0.739121403,Average Value,TRUE,FALSE,TRUE,Unisoc,Unisoc T8300,8,2.2,6,128,6300,33,190.91,Standard,6.9,120,32,8,1,Android v16
Oppo,K13x 5G,Mid-Range,15990,54,-1.608933108,Overpriced,TRUE,FALSE,FALSE,Mediatek,Dimensity 6300,8,2.4,4,128,6000,45,133.33,Standard,6.67,120,50,8,2,Android v15
Nothing,Phone Pro,Premium,45999,77,0.282124388,Average Value,TRUE,TRUE,FALSE,Qualcomm,Snapdragon 7 Gen 4,8,2.8,12,256,5400,50,108,Standard,6.83,144,50,32,3,Android v16
Realme,Narzo Power 5G,Mid-Range,26099,75,2.044276051,Performance Beast,TRUE,FALSE,TRUE,Mediatek,Dimensity 7400 Ultra,8,2.6,8,256,10001,80,125.01,Standard,6.8,144,50,16,2,Android v16
Realme,Narzo 90,Mid-Range,19999,63,-0.04327204,Average Value,TRUE,FALSE,FALSE,Mediatek,Dimensity 6400 Max,8,2.5,8,128,7000,60,116.67,Standard,6.57,120,50,50,2,Android v15
Iqoo,15,Flagship,79998,94,1.255348103,Value King,TRUE,TRUE,TRUE,Qualcomm,Snapdragon 8 Elite Gen 5,8,4.6,16,512,7000,100,70,Super Fast,6.85,144,50,32,3,Android v16
Samsung,Galaxy S25 FE,Premium,59899,79,0.594476389,Average Value,TRUE,TRUE,FALSE,Samsung,Exynos 2400,10,3.2,8,256,4900,45,108.89,Standard,6.7,120,50,12,3,Android v16
Motorola,Moto G96 5G,Mid-Range,20849,66,0.478614983,Average Value,TRUE,FALSE,FALSE,Qualcomm,Snapdragon 7s Gen 2,8,2.4,8,256,5500,33,166.67,Standard,6.67,144,50,32,2,Android v15
Oppo,Find X9 5G,Flagship,74999,89,0.658517001,Average Value,TRUE,TRUE,TRUE,Mediatek,Dimensity 9500,8,4.21,12,256,7025,80,87.81,Standard,6.59,120,50,32,3,Android v16
Iqoo,Z11x 5G,Mid-Range,20999,66,0.478614983,Average Value,TRUE,FALSE,TRUE,Mediatek,Dimensity 7400 Turbo,8,2.6,8,128,7200,44,163.64,Standard,6.76,120,50,32,2,Android v16
Oppo,K15 Pro Plus,Premium,49999,77,0.282124388,Average Value,TRUE,TRUE,TRUE,Mediatek,Dimensity 9500s,8,3.73,12,256,8000,100,80,Super Fast,6.78,165,50,16,2,Android v16
Vivo,V70e,Premium,35990,71,-0.654931615,Average Value,TRUE,TRUE,TRUE,Mediatek,Octa Core Processor,8,3.2,8,256,6500,90,72.22,Super Fast,6.59,144,50,50,3,Android v16
Oppo,K15 Turbo,Mid-Range,29990,66,0.478614983,Average Value,TRUE,FALSE,TRUE,Mediatek,Dimensity 8500,8,3.4,8,128,7400,80,92.5,Standard,6.59,165,50,16,2,Android v16
Vivo,V80 5G,Premium,47999,81,0.90682839,Average Value,TRUE,TRUE,TRUE,Mediatek,Octa Core Processor,8,3.2,8,256,7000,100,70,Super Fast,6.67,144,50,50,3,Android v17
Realme,P3 5G,Mid-Range,18499,63,-0.04327204,Average Value,TRUE,TRUE,FALSE,Qualcomm,Snapdragon 6 Gen 4,8,2.3,8,256,6000,45,133.33,Standard,6.67,120,50,16,2,Android v15
Xiaomi,Redmi 13 5G,Budget,12499,58,1.15877124,Value King,TRUE,FALSE,TRUE,Qualcomm,Snapdragon 4 Gen 2 AE,8,2.3,6,128,5030,33,152.42,Standard,6.79,120,108,13,2,Android v14
Oppo,Reno 16 Pro 5G,Flagship,69990,86,0.30041834,Average Value,TRUE,TRUE,TRUE,Mediatek,Octa Core Processor,8,4.04,12,256,7000,100,70,Super Fast,6.78,120,200,50,3,Android v17
Honor,Power 2,Premium,34990,70,-0.811107616,Average Value,TRUE,TRUE,TRUE,Mediatek,Dimensity 8500,8,3.4,12,256,10080,80,126,Standard,6.79,120,50,16,2,Android v16
Poco,M7 Plus 5G,Budget,13444,58,1.15877124,Value King,TRUE,FALSE,TRUE,Qualcomm,Snapdragon 6s Gen 3,8,2.3,4,128,7000,33,212.12,Standard,6.9,144,50,8,1,Android v15
Iqoo,15R,Premium,52998,88,2.000060394,Performance Beast,TRUE,TRUE,TRUE,Qualcomm,Snapdragon 8 Gen 5,8,3.8,12,512,7600,100,76,Super Fast,6.59,144,50,32,2,Android v16
Realme,C83 5G,Budget,14499,52,0.117680993,Average Value,TRUE,FALSE,FALSE,Mediatek,Dimensity 6300,8,2.4,4,64,7000,15,466.67,Slow Charging,6.8,144,13,5,1,Android v16
Bluefox,NX1,Budget,8699,37,-2.485044623,Overpriced,FALSE,FALSE,TRUE,Mediatek,Helio G81,8,2,4,64,3000,18,166.67,Slow Charging,4,120,48,5,1,Android v15
Iqoo,Z10 Turbo Pro,Mid-Range,23990,70,1.174464347,Value King,TRUE,TRUE,TRUE,Qualcomm,Snapdragon 8s Gen 4,8,3.2,12,256,7000,120,58.33,Super Fast,6.78,120,50,16,2,Android v15
Realme,GT 7T,Premium,32490,76,0.125948388,Average Value,TRUE,TRUE,TRUE,Mediatek,Dimensity 8400 Max,8,3.25,8,256,7000,120,58.33,Super Fast,6.8,120,50,32,2,Android v15
Samsung,Galaxy A26 5G,Mid-Range,21990,64,0.130690301,Average Value,TRUE,TRUE,FALSE,Samsung,Exynos 1380,8,2.4,8,128,5000,25,200,Slow Charging,6.7,120,50,13,3,Android v15
Apple,iPhone Air,Flagship,94990,64,-2.325638508,Overpriced,TRUE,TRUE,FALSE,Apple,Apple A19 Pro,6,4.04,8,256,3149,90,34.99,Super Fast,6.5,60,48,18,1,iOS v19
Motorola,Edge 60 5G,Mid-Range,26884,75,2.044276051,Performance Beast,TRUE,TRUE,FALSE,Mediatek,Dimensity 7400,8,2.6,12,256,5500,68,80.88,Standard,6.7,120,50,50,3,Android v15
Motorola,Moto G64 5G,Mid-Range,16889,62,-0.21723438,Average Value,TRUE,FALSE,FALSE,Mediatek,Dimensity 7025,8,2.5,12,256,6000,33,181.82,Standard,6.5,120,50,16,2,Android v14
Xiaomi,Redmi 13C 5G,Budget,11299,52,0.117680993,Average Value,TRUE,FALSE,FALSE,Mediatek,Dimensity 6100 Plus,8,2.2,6,128,5000,18,277.78,Slow Charging,6.74,90,50,5,2,Android v13
Vivo,V30 Pro 5G,Mid-Range,28494,70,1.174464347,Value King,TRUE,FALSE,FALSE,Mediatek,Dimensity 8200,8,3.1,8,256,5000,80,62.5,Standard,6.78,120,50,50,3,Android v14
Apple,iPhone 16 Pro Max,Flagship,127490,80,-0.415778982,Average Value,TRUE,TRUE,FALSE,Apple,Bionic A18 Pro,6,4.05,8,256,4685,90,52.06,Super Fast,6.9,120,48,12,3,iOS v18
Google,Pixel 8A,Premium,37999,64,-1.748163619,Overpriced,TRUE,TRUE,FALSE,Google,Tensor G3,9,3,8,128,4492,30,149.73,Standard,6.1,120,64,13,2,Android v14
Honor,X9d,Premium,31990,68,-1.123459617,Overpriced,TRUE,TRUE,TRUE,Qualcomm,Snapdragon 6 Gen 4,8,2.3,12,256,8300,66,125.76,Standard,6.79,120,108,16,2,Android v15
Oppo,A6 Pro 5G,Mid-Range,26999,62,-0.21723438,Average Value,TRUE,FALSE,FALSE,Mediatek,Dimensity 6300,8,2.4,8,128,7000,80,87.5,Standard,6.75,120,50,16,2,Android v15
Oneplus,Nord 5,Premium,36999,77,0.282124388,Average Value,TRUE,TRUE,TRUE,Qualcomm,Snapdragon 8s Gen 3,8,3,12,256,6800,80,85,Standard,6.83,144,50,50,2,Android v15
Tecno,Pova Curve 5G,Mid-Range,15999,62,-0.21723438,Average Value,TRUE,TRUE,TRUE,Mediatek,Dimensity 7300 Ultimate,8,2.5,6,128,5500,45,122.22,Standard,6.78,144,64,13,2,Android v15
Infinix,Note 50s 5G,Mid-Range,18999,63,-0.04327204,Average Value,TRUE,FALSE,TRUE,Mediatek,Dimensity 7300 Ultimate,8,2.5,8,128,5500,45,122.22,Standard,6.78,144,64,13,2,Android v15
Nothing,Phone 3a,Mid-Range,26999,68,0.826539665,Average Value,TRUE,TRUE,FALSE,Qualcomm,Snapdragon 7s Gen 3,8,2.5,8,256,5000,50,100,Standard,6.77,120,50,32,3,Android v15
Wobble,One 5G,Mid-Range,29999,68,0.826539665,Average Value,TRUE,FALSE,FALSE,Mediatek,Dimensity 7400,8,2.6,12,256,5000,33,151.52,Standard,6.67,120,50,50,3,Android v15
Realme,P4 Pro 5G,Mid-Range,28999,71,1.348426688,Value King,TRUE,FALSE,TRUE,Qualcomm,Snapdragon 7 Gen 4,8,2.8,8,128,7000,80,87.5,Standard,6.8,144,50,50,2,Android v15
Infinix,Hot 60 5G,Budget,13999,57,0.985256198,Average Value,TRUE,FALSE,FALSE,Mediatek,Dimensity 7020,8,2.2,6,128,5200,18,288.89,Slow Charging,6.7,120,50,8,2,Android v15
Lava,Bold N2 Pro,Budget,7999,46,-0.923409253,Average Value,FALSE,FALSE,FALSE,Unisoc,Unisoc T7250,8,2.6,4,128,5000,10,500,Slow Charging,6.75,120,50,8,3,Android v15
Oppo,Reno 14 Pro 5G,Premium,49889,88,2.000060394,Performance Beast,TRUE,TRUE,TRUE,Mediatek,Dimensity 8450,8,3.25,12,512,6200,80,77.5,Standard,6.83,120,50,50,3,Android v15
Xiaomi,17 5G,Flagship,89999,90,0.777883221,Average Value,TRUE,TRUE,TRUE,Qualcomm,Snapdragon 8 Elite Gen 5,8,4.6,12,512,6330,100,63.3,Super Fast,6.3,120,50,50,3,Android v16
Iqoo,Neo 11R,Mid-Range,29990,71,1.348426688,Value King,TRUE,TRUE,TRUE,Qualcomm,Octa Core Processor,8,2.5,12,256,6700,100,67,Super Fast,6.78,144,50,32,2,Android v16
Poco,M8,Mid-Range,17490,61,-0.391196721,Average Value,TRUE,FALSE,TRUE,Qualcomm,Snapdragon 6 Gen 3,8,2.4,6,128,5520,45,122.67,Standard,6.77,120,50,20,2,Android v15
Realme,GT 6,Mid-Range,27999,74,1.87031371,Value King,TRUE,TRUE,TRUE,Qualcomm,Snapdragon 8s Gen 3,8,3,8,256,5500,120,45.83,Super Fast,6.78,120,50,32,3,Android v14
Motorola,Edge 60 Fusion 5G,Mid-Range,21749,67,0.652577324,Average Value,TRUE,FALSE,FALSE,Mediatek,Dimensity 7400,8,2.6,8,128,5500,68,80.88,Standard,6.7,120,50,32,2,Android v15
Realme,Narzo 100 Lite,Mid-Range,15999,54,-1.608933108,Overpriced,TRUE,FALSE,FALSE,Mediatek,Dimensity 6400,8,2.5,4,128,7000,33,212.12,Standard,6.67,120,50,8,2,Android v16
Oppo,A6 5G,Mid-Range,21999,58,-0.913083744,Average Value,TRUE,TRUE,FALSE,Mediatek,Dimensity 6300,8,2.4,4,128,7000,45,155.56,Standard,6.75,120,50,8,2,Android v15
Oneplus,Nord CE 6 Lite,Mid-Range,22999,63,-0.04327204,Average Value,TRUE,FALSE,TRUE,Mediatek,Dimensity 6300,8,2.4,6,128,7000,80,87.5,Standard,6.7,120,50,16,2,Android v16
Nothing,Phone 4a,Premium,34824,72,-0.498755615,Average Value,TRUE,TRUE,FALSE,Qualcomm,Snapdragon 7s Gen 4,8,2.7,8,256,5400,50,108,Standard,6.78,120,50,32,3,Android v16
Vivo,Y21 5G,Mid-Range,18999,58,-0.913083744,Average Value,TRUE,TRUE,TRUE,Mediatek,Dimensity 6300,8,2.4,4,128,6500,44,147.73,Standard,6.74,120,50,5,2,Android v16
Vivo,Y31 Pro 5G,Mid-Range,19999,57,-1.087046085,Overpriced,TRUE,FALSE,TRUE,Mediatek,Dimensity 7300,8,2.5,8,128,6500,44,147.73,Standard,6.72,120,50,8,2,Android v15
Vivo,V60 5G,Premium,37834,79,0.594476389,Average Value,TRUE,TRUE,TRUE,Qualcomm,Snapdragon 7 Gen 4,8,2.8,12,256,6500,90,72.22,Super Fast,6.77,120,50,50,3,Android v15
Realme,15 Pro 5G,Premium,35999,76,0.125948388,Average Value,TRUE,FALSE,FALSE,Qualcomm,Snapdragon 7 Gen 4,8,2.8,12,256,7000,80,87.5,Standard,6.8,144,50,50,2,Android v15
Infinix,GT 30 5G,Mid-Range,18988,66,0.478614983,Average Value,TRUE,FALSE,TRUE,Mediatek,Dimensity 7400,8,2.6,8,128,5500,45,122.22,Standard,6.78,144,64,13,2,Android v15
Cmf,Phone 2 Pro 5G,Mid-Range,20999,63,-0.04327204,Average Value,TRUE,FALSE,FALSE,Mediatek,Dimensity 7300 Pro,8,2.5,8,256,5000,33,151.52,Standard,6.77,120,50,16,3,Android v15
Iqoo,Neo 10R,Premium,34999,75,-0.030227613,Average Value,TRUE,FALSE,TRUE,Qualcomm,Snapdragon 8s Gen 3,8,3,12,256,6400,80,80,Standard,6.78,144,50,32,2,Android v15
Realme,GT 8 Pro,Flagship,72999,94,1.255348103,Value King,TRUE,TRUE,TRUE,Qualcomm,Snapdragon 8 Elite Gen 5,8,4.6,12,256,7000,120,58.33,Super Fast,6.79,144,200,32,3,Android v16
Tecno,Pova 7 Pro 5G,Mid-Range,17299,66,0.478614983,Average Value,TRUE,TRUE,TRUE,Mediatek,Dimensity 7300 Ultimate,8,2.5,8,128,6000,45,133.33,Standard,6.78,144,64,13,2,Android v15
Apple,iPhone 16 Plus,Flagship,79900,70,-1.609441186,Overpriced,TRUE,TRUE,FALSE,Apple,Bionic A18,6,4.04,8,128,4674,90,51.93,Super Fast,6.7,60,48,12,2,iOS v18
Oneplus,12 5G,Premium,46999,79,0.594476389,Average Value,TRUE,TRUE,TRUE,Qualcomm,Snapdragon 8 Gen 3,8,3.3,12,256,5400,100,54,Super Fast,6.82,120,64,32,3,Android v14
Realme,P4 Power 5G,Premium,32999,75,-0.030227613,Average Value,TRUE,FALSE,TRUE,Mediatek,Dimensity 7400 Ultra,8,2.6,12,256,10001,80,125.01,Standard,6.8,144,50,16,2,Android v16
Oneplus,15s 5G,Premium,59999,84,1.375356392,Value King,TRUE,TRUE,TRUE,Qualcomm,Octa Core Processor,8,3.2,12,256,6500,80,81.25,Standard,6.3,165,50,50,2,Android v16
Xiaomi,Redmi Note 15 5G,Mid-Range,27999,71,1.348426688,Value King,TRUE,TRUE,TRUE,Qualcomm,Snapdragon 6 Gen 3,8,2.4,8,256,5520,45,122.67,Standard,6.77,120,108,20,2,Android v15
Realme,15T 5G,Mid-Range,21990,66,0.478614983,Average Value,TRUE,FALSE,TRUE,Mediatek,Dimensity 6400 Max,8,2.5,8,128,7000,60,116.67,Standard,6.57,120,50,50,2,Android v15
Samsung,Galaxy M56,Mid-Range,24999,59,-0.739121403,Average Value,TRUE,FALSE,FALSE,Samsung,Exynos 1480,8,2.7,8,256,5000,45,111.11,Standard,6.74,120,50,12,3,Android v15
Tecno,POP 10 5G,Budget,7999,54,0.464711075,Average Value,TRUE,TRUE,TRUE,Mediatek,Dimensity 7025,8,2.5,4,128,5100,18,283.33,Slow Charging,6.67,120,50,8,2,Android v15
Motorola,Edge 50 Ultra 5G,Premium,37790,81,0.90682839,Average Value,TRUE,TRUE,FALSE,Qualcomm,Snapdragon 8s Gen 3,8,3,12,512,4500,125,36,Super Fast,6.7,144,64,50,3,Android v14
Poco,X8 Pro Max 5G,Premium,46999,84,1.375356392,Value King,TRUE,FALSE,TRUE,Mediatek,Dimensity 9500s,8,3.73,12,512,9000,100,90,Super Fast,6.83,120,50,20,2,Android v16
Samsung,Galaxy F70e 5G,Mid-Range,15990,58,-0.913083744,Average Value,TRUE,FALSE,FALSE,Mediatek,Dimensity 6300,8,2.4,6,128,6000,25,240,Slow Charging,6.7,120,50,8,2,Android v16
Realme,17 Pro 5G,Premium,33990,75,-0.030227613,Average Value,TRUE,FALSE,FALSE,Mediatek,Dimensity 8400 Ultra,8,2.2,8,128,7500,100,75,Super Fast,6.83,144,200,50,2,Android v17
Xiaomi,Redmi 15 5G,Mid-Range,19499,62,-0.21723438,Average Value,TRUE,FALSE,TRUE,Qualcomm,Snapdragon 6s Gen 3,8,2.3,8,256,7000,33,212.12,Standard,6.9,144,50,8,2,Android v15
Oppo,K13x 5G,Mid-Range,17880,55,-1.434970767,Overpriced,TRUE,FALSE,FALSE,Mediatek,Dimensity 6300,8,2.4,8,128,6000,45,133.33,Standard,6.67,120,50,8,2,Android v15
Lava,Storm Play 5G,Budget,13499,57,0.985256198,Average Value,TRUE,FALSE,FALSE,Mediatek,Dimensity 7060,8,2.6,8,256,5000,18,277.78,Slow Charging,6.75,120,50,8,2,Android v15
Realme,GT 8T,Premium,36999,75,-0.030227613,Average Value,TRUE,TRUE,FALSE,Qualcomm,Snapdragon 8 Extreme Edition,8,4.32,8,256,7000,120,58.33,Super Fast,6.8,120,50,32,2,Android v16
Samsung,Galaxy M16 5G,Mid-Range,15499,57,-1.087046085,Overpriced,TRUE,TRUE,FALSE,Mediatek,Dimensity 6300,8,2.4,8,128,5000,25,200,Slow Charging,6.7,90,50,13,3,Android v14
Xiaomi,Redmi 14C 5G,Budget,11999,53,0.291196034,Average Value,TRUE,FALSE,FALSE,Qualcomm,Snapdragon 4 Gen 2,8,2.2,6,128,5160,18,286.67,Slow Charging,6.88,120,50,8,2,Android v14
Realme,P3 Pro 5G,Mid-Range,20999,63,-0.04327204,Average Value,TRUE,FALSE,FALSE,Qualcomm,Snapdragon 7s Gen 3,8,2.5,8,128,6000,80,75,Standard,6.83,120,50,16,2,Android v15
Xiaomi,Redmi Note 14 Pro Plus,Mid-Range,26999,68,0.826539665,Average Value,TRUE,FALSE,TRUE,Qualcomm,Snapdragon 7s Gen 3,8,2.5,8,128,6200,90,68.89,Super Fast,6.67,120,50,20,3,Android v14
Apple,iPhone 14,Premium,52190,58,-2.685219622,Overpriced,TRUE,TRUE,FALSE,Apple,Bionic A15,6,3.22,6,128,3279,80,40.99,Standard,6.1,60,12,12,2,iOS v16
Poco,X8 Pro Iron Man Edition,Premium,37999,77,0.282124388,Average Value,TRUE,FALSE,TRUE,Mediatek,Dimensity 8500 Ultra,8,3.4,12,256,6500,100,65,Super Fast,6.59,120,50,20,2,Android v16
Oppo,Reno 16 5G,Premium,47999,77,0.282124388,Average Value,TRUE,FALSE,TRUE,Qualcomm,Snapdragon with Hexagon NPU,8,3.2,8,256,7000,100,70,Super Fast,6.67,120,200,50,3,Android v17
Motorola,Signature,Flagship,69999,90,0.777883221,Average Value,TRUE,TRUE,FALSE,Qualcomm,Snapdragon 8 Gen 5,8,3.8,16,1024,5200,90,57.78,Super Fast,6.8,165,50,50,3,Android v16
Xiaomi,Redmi Turbo 5 Max,Premium,39999,77,0.282124388,Average Value,TRUE,TRUE,TRUE,Mediatek,Dimensity 9500s,8,3.73,12,256,9000,100,90,Super Fast,6.83,120,50,20,2,Android v16
Samsung,Galaxy A08,Budget,9990,44,-1.270439335,Overpriced,FALSE,FALSE,FALSE,Mediatek,Helio G100,8,2.2,4,128,5000,25,200,Slow Charging,6.67,90,50,8,2,Android v16
Motorola,Moto G35 5G,Budget,13590,58,1.15877124,Value King,TRUE,FALSE,FALSE,Unisoc,Unisoc T760,8,2.2,8,128,5000,18,277.78,Slow Charging,6.72,120,50,16,2,Android v14
Tecno,Pova Slim 5G,Mid-Range,20030,58,-0.913083744,Average Value,TRUE,FALSE,TRUE,Mediatek,Dimensity 6400,8,2.5,8,128,5160,45,114.67,Standard,6.78,144,50,13,2,Android v15
Vivo,T4 Pro 5G,Premium,31990,74,-0.186403614,Average Value,TRUE,FALSE,TRUE,Qualcomm,Snapdragon 7 Gen 4,8,2.8,12,256,6500,90,72.22,Super Fast,6.77,120,50,32,3,Android v15
Vivo,T4 Lite 5G,Budget,14999,53,0.291196034,Average Value,TRUE,FALSE,FALSE,Mediatek,Dimensity 6300,8,2.4,6,128,6000,15,400,Slow Charging,6.74,90,50,5,2,Android v15
Realme,15x 5G,Mid-Range,18999,61,-0.391196721,Average Value,TRUE,FALSE,FALSE,Mediatek,Dimensity 6300,8,2.4,6,128,7000,60,116.67,Standard,6.81,144,50,50,2,Android v15
Realme,14 Pro Plus 5G,Mid-Range,24999,67,0.652577324,Average Value,TRUE,FALSE,FALSE,Qualcomm,Snapdragon 7s Gen 3,8,2.5,8,128,6000,80,75,Standard,6.83,120,50,32,3,Android v15
Oppo,Reno 13 5G,Premium,34999,71,-0.654931615,Average Value,TRUE,TRUE,TRUE,Mediatek,Dimensity 8350,8,3.35,8,128,5600,80,70,Standard,6.59,120,50,50,3,Android v15
Apple,iPhone 15,Flagship,69900,64,-2.325638508,Overpriced,TRUE,TRUE,FALSE,Apple,Bionic A16,6,3.46,6,256,3349,90,37.21,Super Fast,6.1,60,48,12,2,iOS v17
Vivo,V70 5G,Premium,54999,84,1.375356392,Value King,TRUE,TRUE,TRUE,Qualcomm,Snapdragon 7 Gen 4,8,2.8,12,512,6500,90,72.22,Super Fast,6.59,120,50,50,3,Android v16
Samsung,Samaung Galaxy F70e,Budget,13200,58,1.15877124,Value King,TRUE,FALSE,FALSE,Mediatek,Dimensity 6300,8,2.4,4,128,6000,25,240,Slow Charging,6.7,120,50,8,2,Android v16
Realme,P4x 5G,Mid-Range,17869,62,-0.21723438,Average Value,TRUE,FALSE,FALSE,Mediatek,Dimensity 7400 Ultra,8,2.6,8,128,7000,45,155.56,Standard,6.72,144,50,8,2,Android v15
Tecno,Camon 50 Ultra,Premium,34990,66,-1.435811618,Overpriced,TRUE,TRUE,TRUE,Mediatek,Dimensity 7400 Ultimate,8,2.6,8,256,6500,57,114.04,Standard,6.78,144,50,50,3,Android v16
Motorola,Moto G06 Power,Budget,9999,48,-0.576379171,Average Value,FALSE,FALSE,FALSE,Mediatek,Helio G81,8,2,4,64,7000,18,388.89,Slow Charging,6.88,120,50,8,1,Android v15
Vivo,V70 Lite,Mid-Range,20990,64,0.130690301,Average Value,TRUE,TRUE,FALSE,Mediatek,Octa Core Processor,8,2.5,8,256,7000,100,70,Super Fast,6.78,120,50,32,2,Android v16
Realme,16T 5G,Mid-Range,21990,64,0.130690301,Average Value,TRUE,FALSE,TRUE,Mediatek,Unknown Dimensity,8,2.5,8,128,7500,80,93.75,Standard,6.57,120,50,50,2,Android v16
Ai+,Nova 5G,Budget,10999,53,0.291196034,Average Value,TRUE,FALSE,FALSE,Unisoc,Unisoc T8200,8,2.3,6,128,5000,18,277.78,Slow Charging,6.75,120,50,5,2,Android v15
Realme,GT 7,Premium,41999,85,1.531532392,Value King,TRUE,TRUE,TRUE,Mediatek,Dimensity 9400e,8,3.4,12,512,7000,120,58.33,Super Fast,6.78,120,50,32,3,Android v15
Iqoo,Neo 10R,Premium,33972,74,-0.186403614,Average Value,TRUE,FALSE,TRUE,Qualcomm,Snapdragon 8s Gen 3,8,3,8,256,6400,80,80,Standard,6.78,144,50,32,2,Android v15
Poco,X7 5G,Mid-Range,19999,66,0.478614983,Average Value,TRUE,TRUE,TRUE,Mediatek,Dimensity 7300 Ultra,8,2.5,8,256,5500,45,122.22,Standard,6.67,120,50,20,3,Android v14
Samsung,Galaxy A06 5G,Budget,10999,52,0.117680993,Average Value,TRUE,FALSE,FALSE,Mediatek,Dimensity 6300,8,2.4,4,64,5000,25,200,Slow Charging,6.7,90,50,8,2,Android v15
Samsung,Galaxy M15 5G Prime Edition,Budget,13298,54,0.464711075,Average Value,TRUE,FALSE,FALSE,Mediatek,Dimensity 6100 Plus,8,2.2,8,128,6000,25,240,Slow Charging,6.5,90,50,13,3,Android v14
Google,Pixel 10 Pro XL,Flagship,124999,83,-0.057680321,Average Value,TRUE,TRUE,FALSE,Google,Tensor G5,8,3.78,16,256,5200,45,115.56,Standard,6.8,120,50,42,3,Android v16
Google,Pixel 7 Pro 5G,Premium,36999,72,-0.498755615,Average Value,TRUE,TRUE,FALSE,Google,Google Tensor G2,8,2.85,12,128,5000,30,166.67,Standard,6.7,120,50,10,3,Android v13
Vivo,Y11 5G,Budget,14999,49,-0.40286413,Average Value,TRUE,FALSE,TRUE,Mediatek,Dimensity 6300,8,2.4,4,64,6500,15,433.33,Slow Charging,6.74,120,13,5,2,Android v16
Tecno,Pova Curve 2,Mid-Range,26299,63,-0.04327204,Average Value,TRUE,FALSE,TRUE,Mediatek,Dimensity 7100,8,2.4,8,128,8000,45,177.78,Standard,6.78,144,50,13,2,Android v16
Nothing,Phone 3a Lite,Mid-Range,23790,64,0.130690301,Average Value,TRUE,TRUE,FALSE,Mediatek,Dimensity 7300 Pro,8,2.5,8,256,5000,33,151.52,Standard,6.77,120,50,16,3,Android v15
Samsung,Galaxy M17 5G,Mid-Range,15499,55,-1.434970767,Overpriced,TRUE,TRUE,FALSE,Samsung,Exynos 1330,8,2.4,6,128,5000,25,200,Slow Charging,6.7,90,50,13,3,Android v15
Nothing,Phone Pro,Premium,42770,76,0.125948388,Average Value,TRUE,TRUE,FALSE,Qualcomm,Snapdragon 7 Gen 4,8,2.8,8,256,5400,50,108,Standard,6.83,144,50,32,3,Android v16
Itel,Super 26 Ultra,Budget,9999,49,-0.40286413,Average Value,FALSE,TRUE,TRUE,Unisoc,Unisoc T7300,8,2.2,8,128,6000,18,333.33,Slow Charging,6.8,144,50,8,2,Android v15
Samsung,Galaxy A17 5G,Mid-Range,19999,59,-0.739121403,Average Value,TRUE,TRUE,FALSE,Samsung,Exynos 1330,8,2.4,8,128,5000,25,200,Slow Charging,6.7,90,50,13,3,Android v15
Samsung,Galaxy F36 5G,Mid-Range,18900,62,-0.21723438,Average Value,TRUE,TRUE,FALSE,Samsung,Exynos 1380,8,2.4,6,128,5000,25,200,Slow Charging,6.7,120,50,13,3,Android v15
Xiaomi,Redmi A5 4G,Budget,7999,45,-1.096924294,Overpriced,FALSE,FALSE,FALSE,Unisoc,Unisoc T7250,8,1.8,3,64,5200,15,346.67,Slow Charging,6.88,120,32,8,1,Android v15
Realme,P3 5G,Mid-Range,16999,63,-0.04327204,Average Value,TRUE,TRUE,FALSE,Qualcomm,Snapdragon 6 Gen 4,8,2.3,8,128,6000,45,133.33,Standard,6.67,120,50,16,2,Android v15
Vivo,T4x 5G,Mid-Range,20899,58,-0.913083744,Average Value,TRUE,FALSE,TRUE,Mediatek,Dimensity 7300,8,2.5,8,256,6500,44,147.73,Standard,6.72,120,50,8,2,Android v15
Realme,P1 5G,Budget,14999,58,1.15877124,Value King,TRUE,FALSE,FALSE,Mediatek,Dimensity 7050,8,2.6,8,128,5000,45,111.11,Standard,6.67,120,50,16,2,Android v14
Vivo,V40 5G,Premium,34999,70,-0.811107616,Average Value,TRUE,FALSE,FALSE,Qualcomm,Snapdragon 7 Gen 3,8,2.63,8,128,5500,80,68.75,Standard,6.78,120,50,50,2,Android v14
Nothing,Phone 2a,Mid-Range,24999,70,1.174464347,Value King,TRUE,TRUE,FALSE,Mediatek,Dimensity 7200 Pro,8,2.8,8,256,5000,45,111.11,Standard,6.7,120,50,32,2,Android v14
Xiaomi,Redmi Note 13 5G,Mid-Range,16999,63,-0.04327204,Average Value,TRUE,FALSE,TRUE,Mediatek,Dimensity 6080,8,2.4,8,256,5000,33,151.52,Standard,6.67,120,108,16,3,Android v13
Motorola,Moto Edge 50 Neo,Mid-Range,20999,66,0.478614983,Average Value,TRUE,TRUE,FALSE,Mediatek,Dimensity 7300,8,2.5,8,256,4310,68,63.38,Standard,6.4,120,50,32,3,Android v14
Nothing,Phone 3 5G,Flagship,79999,83,-0.057680321,Average Value,TRUE,TRUE,FALSE,Qualcomm,Snapdragon 8s Gen 4,8,3.2,12,256,5500,65,84.62,Standard,6.67,120,50,50,3,Android v15
Oneplus,Nord CE 4 Lite 5G,Mid-Range,19999,63,-0.04327204,Average Value,TRUE,FALSE,FALSE,Qualcomm,Snapdragon 695,8,2.2,8,128,5500,80,68.75,Standard,6.67,120,50,16,2,Android v14
Samsung,Galaxy M35 5G,Mid-Range,19999,61,-0.391196721,Average Value,TRUE,TRUE,FALSE,Samsung,Exynos 1380,8,2.4,6,128,6000,25,240,Slow Charging,6.6,120,50,13,3,Android v14
Vivo,V70 Elite 5G,Flagship,61999,86,0.30041834,Average Value,TRUE,TRUE,TRUE,Qualcomm,Snapdragon 8s Gen 3,8,3,12,512,6500,90,72.22,Super Fast,6.59,120,50,50,3,Android v16
Realme,16 Pro 5G,Premium,37999,77,0.282124388,Average Value,TRUE,FALSE,FALSE,Mediatek,Dimensity 7300 Max,8,3.2,8,256,7000,80,87.5,Standard,6.78,144,200,50,2,Android v16
Infinix,Note Edge 5G,Mid-Range,22999,66,0.478614983,Average Value,TRUE,TRUE,TRUE,Mediatek,Dimensity 7100,8,2.4,6,128,6500,45,144.44,Standard,6.78,120,50,13,2,Android v16
Oneplus,16R 5G,Premium,50999,80,0.75065239,Average Value,TRUE,TRUE,TRUE,Qualcomm,Octa Core Processor,8,3.2,12,256,7500,120,62.5,Super Fast,6.82,165,50,32,3,Android v17
Oppo,Find X9s,Premium,50990,83,1.219180391,Value King,TRUE,TRUE,TRUE,Mediatek,Dimensity 9500s,8,3.73,12,256,10000,80,125,Standard,6.3,120,200,32,3,Android v15
Xiaomi,17 Pro Max,Flagship,105990,94,1.255348103,Value King,TRUE,TRUE,TRUE,Qualcomm,Snapdragon 8 Elite Gen 5,8,4.6,12,512,7500,100,75,Super Fast,6.9,120,50,32,2,Android v16
Nothing,Phone 4a,Premium,36182,74,-0.186403614,Average Value,TRUE,TRUE,FALSE,Qualcomm,Snapdragon 7s Gen 4,8,2.7,12,256,5400,50,108,Standard,6.78,120,50,32,3,Android v16
Oppo,K13 Turbo,Mid-Range,29999,70,1.174464347,Value King,TRUE,FALSE,TRUE,Mediatek,Dimensity 8450,8,3.25,8,256,7000,80,87.5,Standard,6.8,120,50,16,2,Android v15
Iqoo,15 Ultra,Flagship,99990,88,0.53915078,Average Value,TRUE,TRUE,TRUE,Qualcomm,Snapdragon 8 Elite Gen 5,8,4.6,16,256,7400,100,74,Super Fast,6.85,144,50,32,3,Android v16
Iqoo,Neo 10,Premium,36998,80,0.75065239,Average Value,TRUE,TRUE,TRUE,Qualcomm,Snapdragon 8s Gen 4,8,3.2,8,256,7000,120,58.33,Super Fast,6.78,144,50,32,2,Android v15
Realme,C100,Mid-Range,15990,58,-0.913083744,Average Value,TRUE,FALSE,FALSE,Mediatek,Dimensity 6300,8,2.4,8,128,7500,44,170.45,Standard,6.67,144,50,16,2,Android v16
Vivo,X300s,Flagship,68990,88,0.53915078,Average Value,TRUE,TRUE,TRUE,Mediatek,Dimensity 9500,8,4.21,12,256,7100,90,78.89,Super Fast,6.78,144,200,50,3,Android v16
Lava,Agni 4 5G,Mid-Range,24999,70,1.174464347,Value King,TRUE,FALSE,FALSE,Mediatek,Dimensity 8350,8,3.35,8,256,5000,66,75.76,Standard,6.67,120,50,50,2,Android v15
Vivo,Y04,Budget,8990,41,-1.790984458,Overpriced,FALSE,FALSE,FALSE,Unisoc,Unisoc T7225,8,2,4,64,5000,18,277.78,Slow Charging,6.74,90,13,5,2,Android v14
Nubia,Z70 Ultra,Premium,53990,80,0.75065239,Average Value,TRUE,TRUE,TRUE,Qualcomm,Snapdragon 8 Elite,8,4.32,12,256,6150,80,76.88,Standard,6.85,144,64,16,3,Android v15
Iqoo,Z10 Turbo,Mid-Range,21990,70,1.174464347,Value King,TRUE,TRUE,TRUE,Mediatek,Dimensity 8400,8,3.25,12,256,7620,90,84.67,Super Fast,6.78,144,50,16,2,Android v15
Infinix,Hot 50 5G,Budget,10999,54,0.464711075,Average Value,TRUE,FALSE,FALSE,Mediatek,Dimensity 6300,8,2.4,8,128,5000,18,277.78,Slow Charging,6.7,120,48,8,2,Android v14
Vivo,X200 5G,Premium,59990,80,0.75065239,Average Value,TRUE,TRUE,TRUE,Mediatek,Dimensity 9400,8,3.63,12,256,5800,90,64.44,Super Fast,6.67,120,50,32,3,Android v15
Oppo,Reno 11,Mid-Range,28999,70,1.174464347,Value King,TRUE,TRUE,TRUE,Mediatek,Dimensity 7050,8,2.6,8,128,5000,67,74.63,Standard,6.7,120,50,32,3,Android v14
Vivo,T2x 5G,Budget,11999,50,-0.229349089,Average Value,TRUE,FALSE,FALSE,Mediatek,Dimensity 6020,8,2.2,4,128,5000,18,277.78,Slow Charging,6.58,120,50,8,2,Android v13
Honor,X80i,Mid-Range,24990,61,-0.391196721,Average Value,TRUE,TRUE,TRUE,Mediatek,Dimensity 6500 Elite,8,2.6,8,128,7000,45,155.56,Standard,6.6,120,50,8,1,Android v16
Samsung,Galaxy A57,Flagship,62499,75,-1.012610084,Overpriced,TRUE,TRUE,FALSE,Samsung,Exynos 1680,8,2.9,12,256,5000,45,111.11,Standard,6.7,120,50,12,3,Android v16
Redmagic,Red Magic 11 Air,Premium,46990,75,-0.030227613,Average Value,TRUE,TRUE,TRUE,Qualcomm,Snapdragon 8 Elite,8,4.32,12,256,7000,120,58.33,Super Fast,6.85,144,50,16,2,Android v16
Realme,GT 8 Pro,Flagship,78999,95,1.374714323,Value King,TRUE,TRUE,TRUE,Qualcomm,Snapdragon 8 Elite Gen 5,8,4.6,16,512,7000,120,58.33,Super Fast,6.79,144,200,32,3,Android v16
Xiaomi,Redmi K90 Pro Max,Premium,50990,86,1.687708393,Value King,TRUE,TRUE,TRUE,Qualcomm,Snapdragon 8 Elite Gen 5,8,4.6,12,256,7500,100,75,Super Fast,6.9,120,50,32,3,Android v16
Infinix,GT 30 Pro 5G,Mid-Range,29999,77,2.392200733,Performance Beast,TRUE,TRUE,TRUE,Mediatek,Dimensity 8350 Ultimate,8,3.35,12,256,5500,45,122.22,Standard,6.78,144,108,13,2,Android v15
Vivo,T4 5G,Mid-Range,26385,67,0.652577324,Average Value,TRUE,FALSE,TRUE,Qualcomm,Snapdragon 7s Gen 3,8,2.5,8,256,7300,90,81.11,Super Fast,6.77,120,50,32,2,Android v15
Samsung,Galaxy S25 Ultra,Flagship,138997,90,0.777883221,Average Value,TRUE,TRUE,FALSE,Qualcomm,Snapdragon 8 Elite for Galaxy,8,4.47,12,512,5000,45,111.11,Standard,6.9,120,200,12,4,Android v15
Tecno,Pop 9 5G,Budget,10999,55,0.638226116,Average Value,TRUE,TRUE,TRUE,Mediatek,Dimensity 6300,8,2.4,8,128,5000,18,277.78,Slow Charging,6.67,120,48,8,2,Android v14
Xiaomi,Redmi 14C 5G,Budget,10499,53,0.291196034,Average Value,TRUE,FALSE,FALSE,Qualcomm,Snapdragon 4 Gen 2,8,2.2,4,128,5160,18,286.67,Slow Charging,6.88,120,50,8,2,Android v14
Poco,C85 5G,Budget,12945,57,0.985256198,Average Value,TRUE,TRUE,FALSE,Mediatek,Dimensity 6300,8,2.4,4,128,6000,33,181.82,Standard,6.9,120,50,8,2,Android v15
Poco,M7 Pro 5G,Mid-Range,17999,62,-0.21723438,Average Value,TRUE,FALSE,TRUE,Mediatek,Dimensity 7025 Ultra,8,2.5,8,256,5110,45,113.56,Standard,6.67,120,50,20,2,Android v14
Poco,C75 5G,Budget,10957,50,-0.229349089,Average Value,TRUE,FALSE,FALSE,Qualcomm,Snapdragon 4s Gen 2,8,2,4,64,5160,18,286.67,Slow Charging,6.88,120,50,5,2,Android v14
Apple,iPhone 16,Flagship,79900,70,-1.609441186,Overpriced,TRUE,TRUE,FALSE,Apple,Bionic A18,6,4.04,8,256,3561,90,39.57,Super Fast,6.1,60,48,12,2,iOS v18
Samsung,Galaxy A55 5G,Premium,39999,66,-1.435811618,Overpriced,TRUE,TRUE,FALSE,Samsung,Exynos 1480,8,2.7,12,256,5000,25,200,Slow Charging,6.6,120,50,32,3,Android v14
Google,Pixel 8 5G,Premium,52999,64,-1.748163619,Overpriced,TRUE,TRUE,FALSE,Google,Tensor G3,9,3,8,128,4575,30,152.5,Standard,6.2,120,50,10,2,Android v14
Xiaomi,Redmi 15A 5G,Budget,14499,58,1.15877124,Value King,TRUE,FALSE,TRUE,Unisoc,Unisoc T8300,8,2.2,4,128,6300,33,190.91,Standard,6.9,120,32,8,1,Android v16
Poco,X8 Pro 5G,Premium,35999,77,0.282124388,Average Value,TRUE,FALSE,TRUE,Mediatek,Dimensity 8500 Ultra,8,3.4,12,256,6500,100,65,Super Fast,6.59,120,50,20,2,Android v16
Oppo,K14x 5G,Mid-Range,17978,55,-1.434970767,Overpriced,TRUE,FALSE,FALSE,Mediatek,Dimensity 6300,8,2.4,6,128,6500,45,144.44,Standard,6.75,120,50,5,2,Android v15
Realme,17 Pro Plus 5G,Premium,42990,79,0.594476389,Average Value,TRUE,TRUE,TRUE,Qualcomm,Snapdragon 8 Elite,8,2.4,8,128,8000,80,100,Standard,6.8,144,200,50,3,Android v16
Xiaomi,Redmi Note 15 Pro 5G,Premium,30999,74,-0.186403614,Average Value,TRUE,FALSE,TRUE,Mediatek,Dimensity 7400 Ultra,8,2.6,8,256,6580,45,146.22,Standard,6.83,120,200,20,2,Android v15
Xiaomi,Redmi 16C 5G,Budget,13999,54,0.464711075,Average Value,TRUE,FALSE,FALSE,Qualcomm,Octa Core Processor,8,2.3,4,128,6500,33,196.97,Standard,6.91,120,50,16,2,Android v16
Vivo,Y51 Pro 5G,Mid-Range,27999,62,-0.21723438,Average Value,TRUE,FALSE,TRUE,Mediatek,Dimensity 7360 Turbo,8,2.5,8,256,7200,44,163.64,Standard,6.75,120,50,8,2,Android v16
Vivo,S50 Pro Mini,Premium,48990,81,0.90682839,Average Value,TRUE,TRUE,TRUE,Qualcomm,Snapdragon 8 Gen 5,8,3.84,12,256,6500,90,72.22,Super Fast,6.31,120,50,50,3,Android v16
Vivo,Y31 5G,Mid-Range,20999,58,-0.913083744,Average Value,TRUE,FALSE,FALSE,Qualcomm,Snapdragon 4 Gen 2,8,2.2,6,128,6500,44,147.73,Standard,6.68,120,50,8,1,Android v15
Infinix,Hot 60i 5G,Budget,11499,57,0.985256198,Average Value,TRUE,FALSE,TRUE,Mediatek,Dimensity 6400,8,2.5,4,128,6000,45,133.33,Standard,6.75,120,50,5,1,Android v15
Tecno,Pova 7 5G,Mid-Range,15999,62,-0.21723438,Average Value,TRUE,TRUE,TRUE,Mediatek,Dimensity 7300 Ultimate,8,2.5,8,256,6000,45,133.33,Standard,6.78,144,50,13,2,Android v15
Vivo,X200 FE,Premium,59999,86,1.687708393,Value King,TRUE,TRUE,TRUE,Mediatek,Dimensity 9300 Plus,8,3.25,16,512,6500,90,72.22,Super Fast,6.31,120,50,50,3,Android v15
Iqoo,Z10 Lite 5G,Budget,14999,52,0.117680993,Average Value,TRUE,FALSE,FALSE,Mediatek,Dimensity 6300,8,2.4,6,128,6000,15,400,Slow Charging,6.74,90,50,5,2,Android v15
Acer,Super ZX 5G,Budget,12499,53,0.291196034,Average Value,TRUE,FALSE,FALSE,Mediatek,Dimensity 6300,8,2.4,6,128,5000,33,151.52,Standard,6.8,120,64,13,3,Android v15
Oneplus,13T,Premium,39990,79,0.594476389,Average Value,TRUE,TRUE,TRUE,Qualcomm,Snapdragon 8 Elite,8,4.32,12,256,6260,80,78.25,Standard,6.32,120,50,16,2,Android v15
Apple,iPhone 16 Pro,Flagship,113490,76,-0.893243864,Average Value,TRUE,TRUE,FALSE,Apple,Bionic A18 Pro,6,4.05,8,256,3582,90,39.8,Super Fast,6.3,120,48,12,3,iOS v18
Xiaomi,Redmi A4 5G,Budget,10999,50,-0.229349089,Average Value,TRUE,FALSE,FALSE,Qualcomm,Snapdragon 4s Gen 2,8,2,4,64,5160,18,286.67,Slow Charging,6.88,120,50,5,2,Android v14
Samsung,Galaxy S24 5G,Flagship,60990,75,-1.012610084,Overpriced,TRUE,TRUE,FALSE,Samsung,Exynos 2400,10,3.2,8,256,4000,25,160,Slow Charging,6.2,120,50,12,3,Android v14
Oneplus,11R 5G,Premium,35999,66,-1.435811618,Overpriced,TRUE,TRUE,TRUE,Qualcomm,Snapdragon 8+ Gen 1,8,3.2,8,128,5000,100,50,Super Fast,6.74,120,50,16,3,Android v13
Xiaomi,Redmi Note 15 Pro Plus,Premium,42999,81,0.90682839,Average Value,TRUE,TRUE,TRUE,Qualcomm,Snapdragon 7s Gen 4,8,2.7,12,512,6500,100,65,Super Fast,6.83,120,200,32,2,Android v15
Poco,F8 Ultra,Flagship,64990,90,0.777883221,Average Value,TRUE,TRUE,TRUE,Qualcomm,Snapdragon 8 Elite Gen 5,8,4.6,12,256,6500,100,65,Super Fast,6.9,120,50,32,3,Android v16
Samsung,Galaxy M07 4G,Budget,9499,46,-0.923409253,Average Value,FALSE,FALSE,FALSE,Mediatek,Helio G99,8,2.2,4,64,5000,25,200,Slow Charging,6.7,120,50,8,2,Android v15
Samsung,Galaxy A17 5G,Mid-Range,26499,61,-0.391196721,Average Value,TRUE,TRUE,FALSE,Samsung,Exynos 1330,8,2.4,8,256,5000,25,200,Slow Charging,6.7,90,50,13,3,Android v15
Tecno,Spark 40 Pro Plus,Mid-Range,17999,59,-0.739121403,Average Value,FALSE,TRUE,TRUE,Mediatek,Helio G200,8,2.2,8,128,5200,45,115.56,Standard,6.78,144,50,13,1,Android v15
Realme,Narzo 80 Lite 5G,Budget,13218,53,0.291196034,Average Value,TRUE,FALSE,FALSE,Mediatek,Dimensity 6300,8,2.4,4,128,6000,15,400,Slow Charging,6.67,120,32,8,2,Android v15
Iqoo,Neo 10,Premium,38998,80,0.75065239,Average Value,TRUE,TRUE,TRUE,Qualcomm,Snapdragon 8s Gen 4,8,3.2,12,256,7000,120,58.33,Super Fast,6.78,144,50,32,2,Android v15
Oneplus,13R,Premium,45999,81,0.90682839,Average Value,TRUE,TRUE,TRUE,Qualcomm,Snapdragon 8 Gen 3,8,3.3,16,512,6000,80,75,Standard,6.78,120,50,16,3,Android v15
Infinix,Smart 9 HD,Budget,6699,43,-1.443954376,Overpriced,FALSE,FALSE,TRUE,Mediatek,Helio G50,8,2.2,3,64,5000,10,500,Slow Charging,6.7,90,13,8,1,Android v14
Honor,X9c,Mid-Range,22999,63,-0.04327204,Average Value,TRUE,TRUE,TRUE,Qualcomm,Snapdragon 6 Gen 1,8,2.2,8,256,6600,66,100,Standard,6.78,120,108,16,2,Android v14
Samsung,Galaxy S24 FE,Premium,45999,71,-0.654931615,Average Value,TRUE,TRUE,FALSE,Samsung,Exynos 2400e,10,3.11,8,256,4700,25,188,Slow Charging,6.7,120,50,10,3,Android v14
Oneplus,Nord 4 5G,Mid-Range,29999,70,1.174464347,Value King,TRUE,TRUE,TRUE,Qualcomm,Snapdragon 7+ Gen 3,8,2.8,8,256,5500,100,55,Super Fast,6.74,120,50,16,2,Android v14
Xiaomi,14 Civi,Premium,32990,72,-0.498755615,Average Value,TRUE,TRUE,TRUE,Qualcomm,Snapdragon 8s Gen 3,8,3,8,256,4700,67,70.15,Standard,6.55,120,50,32,3,Android v14
Honor,200,Mid-Range,29999,64,0.130690301,Average Value,TRUE,TRUE,FALSE,Qualcomm,Snapdragon 7 Gen 3,8,2.63,8,256,5200,100,52,Super Fast,6.7,120,50,50,3,Android v14
Vivo,Y03,Budget,6990,40,-1.964499499,Overpriced,FALSE,FALSE,FALSE,Mediatek,Helio G85,8,2,4,64,5000,15,333.33,Slow Charging,6.56,90,13,5,2,Android v14
Oneplus,9R,Premium,30996,64,-1.748163619,Overpriced,TRUE,TRUE,FALSE,Qualcomm,Snapdragon 870,8,3.2,12,256,4500,65,69.23,Standard,6.55,120,48,16,4,Android v11
Realme,Narzo 90x,Mid-Range,15999,57,-1.087046085,Overpriced,TRUE,FALSE,FALSE,Mediatek,Dimensity 6300,8,2.4,4,128,7000,60,116.67,Standard,6.8,144,50,8,2,Android v15
Lava,Bold N2,Budget,8199,44,-1.270439335,Overpriced,TRUE,FALSE,FALSE,Unisoc,UNISOC 9863a,8,2.3,4,64,5000,10,500,Slow Charging,6.75,90,13,5,2,Android v15 Go
Realme,16 Pro 5G,Premium,40999,79,0.594476389,Average Value,TRUE,FALSE,FALSE,Mediatek,Dimensity 7300 Max,8,3.2,12,256,7000,80,87.5,Standard,6.78,144,200,50,2,Android v16
Vivo,Y19s 5G,Mid-Range,15499,50,-2.304782471,Overpriced,TRUE,FALSE,FALSE,Mediatek,Dimensity 6300,8,2.4,6,128,6000,15,400,Slow Charging,6.74,90,13,5,2,Android v15
Xiaomi,18 Pro Max,Flagship,89990,89,0.658517001,Average Value,TRUE,TRUE,TRUE,Qualcomm,Snapdragon 8 Elite Gen 6,8,4.04,12,512,8000,120,66.67,Super Fast,6.9,120,200,50,3,Android v17
Iqoo,16,Flagship,74990,85,0.181052119,Average Value,TRUE,TRUE,TRUE,Qualcomm,Snapdragon 8 Elite Gen 6,8,4.04,12,256,7500,150,50,Super Fast,6.89,165,50,50,4,Android v16
Vivo,V60e,Premium,33999,76,0.125948388,Average Value,TRUE,TRUE,TRUE,Mediatek,Dimensity 7360 Turbo,8,2.5,8,256,6500,90,72.22,Super Fast,6.77,120,200,50,2,Android v15
Samsung,Galaxy F17 5G,Mid-Range,17848,57,-1.087046085,Overpriced,TRUE,TRUE,FALSE,Samsung,Exynos 1330,8,2.4,6,128,5000,25,200,Slow Charging,6.7,90,50,13,3,Android v15
Vivo,V60 5G,Premium,38999,77,0.282124388,Average Value,TRUE,TRUE,TRUE,Qualcomm,Snapdragon 7 Gen 4,8,2.8,8,256,6500,90,72.22,Super Fast,6.77,120,50,50,3,Android v15
Realme,C71,Budget,7999,43,-1.443954376,Overpriced,FALSE,FALSE,FALSE,Unisoc,Unisoc UMS9230E,8,1.8,4,64,6300,15,420,Slow Charging,6.75,90,13,5,1,Android v15
Oneplus,Ace 6,Premium,31990,75,-0.030227613,Average Value,TRUE,TRUE,TRUE,Qualcomm,Snapdragon 8 Elite,8,4.32,12,256,7800,120,65,Super Fast,6.83,165,50,16,2,Android v16
Nothing,Phone 3a Pro,Mid-Range,29999,67,0.652577324,Average Value,TRUE,TRUE,FALSE,Qualcomm,Snapdragon 7s Gen 3,8,2.5,8,256,5000,50,100,Standard,6.77,120,50,50,3,Android v15
Samsung,Galaxy A36 5G,Premium,32990,66,-1.435811618,Overpriced,TRUE,TRUE,FALSE,Qualcomm,Snapdragon 6 Gen 3,8,2.4,8,256,5000,45,111.11,Standard,6.7,120,50,12,3,Android v15
Iqoo,Z9s,Mid-Range,20767,63,-0.04327204,Average Value,TRUE,FALSE,FALSE,Mediatek,Dimensity 7300,8,2.5,8,256,5500,44,125,Standard,6.77,120,50,16,2,Android v14
Xiaomi,Redmi 13 5G,Budget,13999,59,1.332286281,Value King,TRUE,FALSE,TRUE,Qualcomm,Snapdragon 4 Gen 2 AE,8,2.3,8,128,5030,33,152.42,Standard,6.79,120,108,13,2,Android v14
Cmf,Phone,Mid-Range,15999,58,-0.913083744,Average Value,TRUE,FALSE,FALSE,Mediatek,Dimensity 7300,8,2.5,6,128,5000,33,151.52,Standard,6.67,120,50,16,2,Android v14
Vivo,T3x 5G,Mid-Range,16980,55,-1.434970767,Overpriced,TRUE,FALSE,FALSE,Qualcomm,Snapdragon 6 Gen 1,8,2.2,6,128,6000,44,136.36,Standard,6.72,120,50,8,2,Android v14
Motorola,Edge 50 Pro,Mid-Range,26990,75,2.044276051,Performance Beast,TRUE,TRUE,FALSE,Qualcomm,Snapdragon 7 Gen 3,8,2.63,12,256,4500,125,36,Super Fast,6.7,144,50,50,3,Android v14
Nothing,Phone 2a,Mid-Range,23999,70,1.174464347,Value King,TRUE,TRUE,FALSE,Mediatek,Dimensity 7200 Pro,8,2.8,8,128,5000,45,111.11,Standard,6.7,120,50,32,2,Android v14
Vivo,T3 5G,Mid-Range,18499,61,-0.391196721,Average Value,TRUE,FALSE,FALSE,Mediatek,Dimensity 7200,8,2.8,8,128,5000,44,113.64,Standard,6.67,120,50,16,3,Android v14
Google,Pixel 9,Flagship,79999,75,-1.012610084,Overpriced,TRUE,TRUE,FALSE,Google,Tensor G4,8,3.1,12,256,4700,27,174.07,Slow Charging,6.3,120,50,10,2,Android v14
Motorola,Edge 30 Pro 5G,Premium,34990,71,-0.654931615,Average Value,TRUE,TRUE,FALSE,Qualcomm,Snapdragon 8 Gen 1,8,3,8,128,4800,68,70.59,Standard,6.7,144,50,60,3,Android v12
Ai+,Pulse 2,Budget,8999,48,-0.576379171,Average Value,FALSE,FALSE,FALSE,Unisoc,Unisoc T7250,8,1.8,6,128,6000,10,600,Slow Charging,6.75,120,50,8,2,Android v16
Realme,P4 Lite 5G,Mid-Range,16499,50,-2.304782471,Overpriced,TRUE,FALSE,FALSE,Mediatek,Dimensity 6300,8,2.4,6,128,7000,15,466.67,Slow Charging,6.81,144,13,5,1,Android v16
Samsung,Galaxy M47 5G,Mid-Range,22990,62,-0.21723438,Average Value,TRUE,TRUE,FALSE,Samsung,Octa Core Processor,8,2.5,8,128,6000,25,240,Slow Charging,6.67,120,50,32,3,Android v16
Motorola,Signature,Flagship,62489,89,0.658517001,Average Value,TRUE,TRUE,FALSE,Qualcomm,Snapdragon 8 Gen 5,8,3.8,16,512,5200,90,57.78,Super Fast,6.8,165,50,50,3,Android v16
Oppo,Reno 15 Pro Mini,Flagship,64999,85,0.181052119,Average Value,TRUE,FALSE,TRUE,Mediatek,Dimensity 8450,8,3.25,12,512,6200,80,77.5,Standard,6.32,120,200,50,3,Android v16
Oppo,A6x 5G,Mid-Range,17999,53,-1.782895449,Overpriced,TRUE,FALSE,FALSE,Mediatek,Dimensity 6300,8,2.4,6,128,6500,45,144.44,Standard,6.75,120,13,5,1,Android v15
Honor,500 Pro,Premium,49990,81,0.90682839,Average Value,TRUE,TRUE,TRUE,Qualcomm,Snapdragon 8 Elite,8,4.32,12,256,8000,80,100,Standard,6.55,120,200,50,3,Android v16
Itel,A100C,Budget,9999,37,-2.485044623,Overpriced,FALSE,FALSE,TRUE,Unisoc,Unisoc T7100,8,2.3,2,64,5000,18,277.78,Slow Charging,6.6,90,8,5,1,Android v15
Lava,Play Ultra 5G,Mid-Range,15778,64,0.130690301,Average Value,TRUE,FALSE,FALSE,Mediatek,Dimensity 7300,8,2.5,6,128,5000,33,151.52,Standard,6.67,120,64,13,2,Android v15
Oppo,K13 Turbo Pro,Premium,34999,71,-0.654931615,Average Value,TRUE,FALSE,TRUE,Qualcomm,Snapdragon 8s Gen 4,8,3.2,8,256,7000,80,87.5,Standard,6.8,120,50,16,2,Android v15
Poco,C85x 5G,Budget,11999,53,0.291196034,Average Value,TRUE,FALSE,FALSE,Unisoc,Unisoc T8300,8,2.2,4,128,6300,15,420,Slow Charging,6.9,120,32,8,1,Android v16
Tecno,Spark Go 2,Budget,7499,44,-1.270439335,Overpriced,FALSE,FALSE,TRUE,Unisoc,Unisoc T7250,8,1.8,4,64,5000,15,333.33,Slow Charging,6.67,120,13,8,1,Android v15
Vivo,T4 Ultra,Premium,39999,76,0.125948388,Average Value,TRUE,TRUE,FALSE,Mediatek,Dimensity 9300 Plus,8,3.25,12,512,5500,90,61.11,Super Fast,6.67,120,50,32,3,Android v15
Oppo,A5x 5G,Budget,12499,52,0.117680993,Average Value,TRUE,FALSE,FALSE,Mediatek,Dimensity 6300,8,2.4,4,128,6000,45,133.33,Standard,6.67,120,32,5,1,Android v15
Samsung,Galaxy M06,Budget,11499,49,-0.40286413,Average Value,TRUE,FALSE,FALSE,Mediatek,Dimensity 6300,8,2.4,4,64,5000,25,200,Slow Charging,6.74,90,50,8,2,Android v15
Vivo,Y29s 5G,Mid-Range,15990,53,-1.782895449,Overpriced,TRUE,FALSE,FALSE,Mediatek,Dimensity 6300,8,2.4,8,256,5500,15,366.67,Slow Charging,6.74,90,50,5,2,Android v15
Iqoo,13,Flagship,66900,89,0.658517001,Average Value,TRUE,TRUE,TRUE,Qualcomm,Snapdragon 8 Elite,8,4.32,16,512,6000,120,50,Super Fast,6.82,144,50,32,3,Android v15
Vivo,Y19e,Budget,9999,40,-1.964499499,Overpriced,FALSE,FALSE,FALSE,Unisoc,Unisoc T7225,8,1.8,4,64,5500,15,366.67,Slow Charging,6.74,120,13,5,2,Android v14
Tecno,Pop 9 5G,Budget,9490,53,0.291196034,Average Value,TRUE,TRUE,TRUE,Mediatek,Dimensity 6300,8,2.4,4,64,5000,18,277.78,Slow Charging,6.67,120,48,8,2,Android v14
Tecno,Pova 6 Neo 5G,Budget,13999,58,1.15877124,Value King,TRUE,TRUE,TRUE,Mediatek,Dimensity 6300,8,2.4,8,256,5000,18,277.78,Slow Charging,6.67,120,108,8,2,Android v14
Peace,Honor 10,Budget,5900,23,-4.914255197,Overpriced,FALSE,FALSE,FALSE,Mediatek,Helio,8,1.3,4,64,3000,18,166.67,Slow Charging,4.5,120,8,8,1,Android v14
Infinix,Note 40 Pro Plus Racing Edition,Mid-Range,24999,72,1.522389029,Value King,TRUE,TRUE,TRUE,Mediatek,Dimensity 7020,8,2.2,12,256,4600,100,46,Super Fast,6.78,120,108,32,3,Android v14
Infinix,Note 40X 5G,Budget,14999,61,1.679316363,Value King,TRUE,TRUE,FALSE,Mediatek,Dimensity 6300,8,2.4,8,256,5000,18,277.78,Slow Charging,6.78,120,108,8,3,Android v14
Samsung,Galaxy A35 5G,Premium,36999,64,-1.748163619,Overpriced,TRUE,TRUE,FALSE,Samsung,Exynos 1380,8,2.4,8,256,5000,25,200,Slow Charging,6.6,120,50,13,3,Android v14
Samsung,Galaxy F16 5G,Budget,12499,54,0.464711075,Average Value,TRUE,TRUE,FALSE,Mediatek,Dimensity 6300,8,2.4,4,128,5000,25,200,Slow Charging,6.7,90,50,13,3,Android v15
Xiaomi,15,Flagship,76999,89,0.658517001,Average Value,TRUE,TRUE,TRUE,Qualcomm,Snapdragon 8 Elite,8,4.32,12,512,5240,90,58.22,Super Fast,6.36,120,50,32,3,Android v15
Samsung,Galaxy S24 Plus,Premium,59999,77,0.282124388,Average Value,TRUE,TRUE,FALSE,Samsung,Exynos 2400,10,3.2,12,256,4900,45,108.89,Standard,6.7,120,50,12,3,Android v14
Google,Pixel 6A,Mid-Range,21999,49,-2.478744812,Overpriced,TRUE,TRUE,FALSE,Google,Google Tensor,8,2.5,6,128,4410,30,147,Standard,6.14,120,12,8,2,Android v12
Samsung,Galaxy S26,Flagship,89999,79,-0.535145203,Average Value,TRUE,TRUE,FALSE,Samsung,Exynos 2600,10,3.8,12,512,4300,25,172,Slow Charging,6.3,120,50,12,3,Android v16
Sony,Xperia 1 VIII,Flagship,149990,83,-0.057680321,Average Value,TRUE,TRUE,FALSE,Qualcomm,Snapdragon 8 Elite Gen 5,8,4.6,12,256,5000,45,111.11,Standard,6.5,120,48,12,3,Android v16
Oppo,F33 Pro 5G,Premium,30999,68,-1.123459617,Overpriced,TRUE,FALSE,FALSE,Mediatek,Dimensity 6360 Max,8,2.6,8,128,7500,80,93.75,Standard,6.57,120,50,50,2,Android v16
Vivo,T6x 5G,Mid-Range,20999,61,-0.391196721,Average Value,TRUE,FALSE,TRUE,Mediatek,Octa Core Processor,8,2.5,6,128,7500,67,111.94,Standard,6.78,144,50,50,2,Android v17
Oppo,Reno 15 5G,Premium,46999,80,0.75065239,Average Value,TRUE,FALSE,TRUE,Qualcomm,Snapdragon 7 Gen 4,8,2.8,12,256,6500,80,81.25,Standard,6.59,120,50,50,3,Android v16
Honor,Win,Premium,49990,84,1.375356392,Value King,TRUE,TRUE,TRUE,Qualcomm,Snapdragon 8 Elite Gen 5,8,4.6,12,256,10000,100,100,Super Fast,6.83,185,50,50,3,Android v16
Samsung,Galaxy A77 5G,Premium,44999,66,-1.435811618,Overpriced,TRUE,TRUE,FALSE,Samsung,Exynos 2400,8,3.2,8,128,5000,25,200,Slow Charging,6.7,120,50,50,3,Android v16
Realme,P3 Lite 5G,Budget,13999,55,0.638226116,Average Value,TRUE,TRUE,FALSE,Mediatek,Dimensity 6300,8,2.4,6,128,6000,45,133.33,Standard,6.67,120,32,8,2,Android v15
Realme,15 Pro 5G,Premium,32999,74,-0.186403614,Average Value,TRUE,FALSE,FALSE,Qualcomm,Snapdragon 7 Gen 4,8,2.8,8,256,7000,80,87.5,Standard,6.8,144,50,50,2,Android v15
Tecno,Pova 7 Ultra,Mid-Range,22990,68,0.826539665,Average Value,TRUE,TRUE,TRUE,Mediatek,Dimensity 8350,8,3.35,8,256,6000,70,85.71,Standard,6.67,144,108,13,2,Android v15
Infinix,Smart 10 HD,Budget,4999,41,-1.790984458,Overpriced,FALSE,FALSE,TRUE,Unisoc,Tiger T606,8,1.6,2,64,5000,10,500,Slow Charging,6.6,90,13,8,1,Android v14
Samsung,Galaxy F57 5G,Mid-Range,29990,61,-0.391196721,Average Value,TRUE,TRUE,FALSE,Samsung,Octa Core Processor,8,2.5,8,128,5000,65,76.92,Standard,6.74,120,50,50,3,Android v15
Realme,Narzo 90x,Mid-Range,16499,58,-0.913083744,Average Value,TRUE,FALSE,FALSE,Mediatek,Dimensity 6300,8,2.4,6,128,7000,60,116.67,Standard,6.8,144,50,8,2,Android v15
Vivo,T4 5G,Mid-Range,27898,68,0.826539665,Average Value,TRUE,FALSE,TRUE,Qualcomm,Snapdragon 7s Gen 3,8,2.5,12,256,7300,90,81.11,Super Fast,6.77,120,50,32,2,Android v15
Poco,C71,Budget,9990,46,-0.923409253,Average Value,FALSE,FALSE,FALSE,Unisoc,Unisoc T7250,8,1.8,6,128,5200,15,346.67,Slow Charging,6.88,120,32,8,2,Android v15
Infinix,Note 50X 5G,Budget,14999,57,0.985256198,Average Value,TRUE,FALSE,TRUE,Mediatek,Dimensity 7300 Ultimate,8,2.5,8,128,5500,45,122.22,Standard,6.67,120,50,8,2,Android v15
Vivo,T4x 5G,Mid-Range,18249,57,-1.087046085,Overpriced,TRUE,FALSE,TRUE,Mediatek,Dimensity 7300,8,2.5,8,128,6500,44,147.73,Standard,6.72,120,50,8,2,Android v15
Xiaomi,Redmi Note 14,Mid-Range,18499,63,-0.04327204,Average Value,TRUE,FALSE,TRUE,Mediatek,Dimensity 7025 Ultra,8,2.5,8,256,5110,45,113.56,Standard,6.67,120,50,20,3,Android v14
Philips,S7710 Omni 10,Budget,11990,49,-0.40286413,Average Value,FALSE,FALSE,FALSE,Mediatek,Helio G91,8,2,8,256,5000,18,277.78,Slow Charging,6.6,120,108,8,2,Android v13
Oneplus,13,Flagship,80999,90,0.777883221,Average Value,TRUE,TRUE,TRUE,Qualcomm,Snapdragon 8 Elite,8,4.32,24,1024,6000,100,60,Super Fast,6.82,120,50,32,3,Android v15
Realme,P2 Pro,Mid-Range,23999,66,0.478614983,Average Value,TRUE,FALSE,FALSE,Qualcomm,Snapdragon 7s Gen 2,8,2.4,12,512,5200,80,65,Standard,6.7,120,50,32,2,Android v14
Realme,15 5G,Mid-Range,29999,64,0.130690301,Average Value,TRUE,FALSE,FALSE,Mediatek,Dimensity 7300 Plus,8,2.5,8,128,7000,80,87.5,Standard,6.8,144,50,50,2,Android v15
Samsung,Galaxy M55s,Mid-Range,18998,62,-0.21723438,Average Value,TRUE,TRUE,FALSE,Qualcomm,Snapdragon 7 Gen 1,8,2.4,8,128,5000,45,111.11,Standard,6.7,120,50,50,3,Android v14
Vivo,X200 Pro 5G,Flagship,82900,93,1.135981882,Value King,TRUE,TRUE,TRUE,Mediatek,Dimensity 9400,8,3.63,16,512,6000,90,66.67,Super Fast,6.78,120,200,32,3,Android v15
Motorola,Edge 50 Fusion,Mid-Range,22790,68,0.826539665,Average Value,TRUE,TRUE,FALSE,Qualcomm,Snapdragon 7s Gen 2,8,2.4,12,256,5000,68,73.53,Standard,6.67,144,50,32,2,Android v14
Realme,Narzo 80x 5G,Budget,13999,57,0.985256198,Average Value,TRUE,FALSE,FALSE,Mediatek,Dimensity 6400,8,2.5,6,128,6000,45,133.33,Standard,6.72,120,50,8,2,Android v15
Samsung,Galaxy A55 5G,Premium,36999,64,-1.748163619,Overpriced,TRUE,TRUE,FALSE,Samsung,Exynos 1480,8,2.7,8,256,5000,25,200,Slow Charging,6.6,120,50,32,3,Android v14
Realme,13 Pro Plus 5G,Mid-Range,25999,67,0.652577324,Average Value,TRUE,FALSE,FALSE,Qualcomm,Snapdragon 7s Gen 2,8,2.4,8,256,5200,80,65,Standard,6.7,120,50,32,3,Android v14
Samsung,Galaxy F55 5G,Mid-Range,26899,64,0.130690301,Average Value,TRUE,TRUE,FALSE,Qualcomm,Snapdragon 7 Gen 1,8,2.4,8,128,5000,45,111.11,Standard,6.7,120,50,50,3,Android v14
Samsung,Galaxy S23 FE 5G,Premium,44994,70,-0.811107616,Average Value,TRUE,TRUE,FALSE,Samsung,Exynos 2200,8,2.8,8,256,4500,25,180,Slow Charging,6.4,120,50,10,3,Android v13
Xiaomi,Redmi Note 12,Budget,12239,58,1.15877124,Value King,TRUE,FALSE,TRUE,Qualcomm,Snapdragon 4 Gen 1,8,2,6,128,5000,33,151.52,Standard,6.67,120,48,13,3,Android v12
Vivo,T3 Pro 5G,Mid-Range,22999,63,-0.04327204,Average Value,TRUE,FALSE,FALSE,Qualcomm,Snapdragon 7 Gen 3,8,2.63,8,128,5500,80,68.75,Standard,6.77,120,50,16,2,Android v14
Oneplus,11 5G,Premium,33399,71,-0.654931615,Average Value,TRUE,TRUE,FALSE,Qualcomm,Snapdragon 8 Gen 2,8,3.2,8,128,5000,100,50,Super Fast,6.7,120,50,16,3,Android v13
Samsung,Galaxy S23 Ultra 5G,Flagship,149999,83,-0.057680321,Average Value,TRUE,TRUE,FALSE,Qualcomm,Snapdragon 8 Gen 2,8,3.36,12,256,5000,45,111.11,Standard,6.8,120,200,12,4,Android v13
Oneplus,8 Pro,Premium,39999,71,-0.654931615,Average Value,TRUE,TRUE,FALSE,Qualcomm,Snapdragon 865,8,2.84,12,256,4510,80,56.38,Standard,6.78,120,48,16,4,Android v10
Realme,P4 Lite 5G,Budget,14499,50,-0.229349089,Average Value,TRUE,FALSE,FALSE,Mediatek,Dimensity 6300,8,2.4,4,128,7000,15,466.67,Slow Charging,6.81,144,13,5,1,Android v16
Realme,Narzo 100,Mid-Range,18990,62,-0.21723438,Average Value,TRUE,FALSE,FALSE,Mediatek,Dimensity 6300,8,2.4,8,128,7500,80,93.75,Standard,6.57,144,50,50,2,Android v15
Ai+,Nova Flip,Premium,39999,76,0.125948388,Average Value,TRUE,TRUE,FALSE,Mediatek,Dimensity 7300X,8,2.5,8,256,4325,45,96.11,Standard,6.78,144,50,32,2,Android v16
Tecno,Spark 50 5G,Mid-Range,18999,55,-1.434970767,Overpriced,TRUE,FALSE,TRUE,Mediatek,Dimensity 6400,8,2.5,6,128,6500,45,144.44,Standard,6.78,120,50,8,1,Android v16
Lava,Agni 5,Mid-Range,27999,71,1.348426688,Value King,TRUE,FALSE,FALSE,Mediatek,Dimensity 7050,8,2.6,8,256,7000,80,87.5,Standard,6.78,144,50,50,3,Android v16
Realme,C85 5G,Mid-Range,16499,54,-1.608933108,Overpriced,TRUE,TRUE,FALSE,Mediatek,Dimensity 6300,8,2.4,4,128,7000,45,155.56,Standard,6.8,144,50,8,1,Android v15
Google,Pixel 11 Pro,Flagship,111999,80,-0.415778982,Average Value,TRUE,TRUE,FALSE,Google,Tensor G6,8,4.04,16,256,5000,35,142.86,Standard,6.31,144,50,48,3,Android v17
Honor,X7d 5G,Budget,14999,52,0.117680993,Average Value,TRUE,TRUE,FALSE,Qualcomm,Snapdragon 6s Gen 3,8,2.3,6,128,6500,35,185.71,Standard,6.77,120,50,5,2,Android v15
Oppo,A5x 5G,Budget,11499,52,0.117680993,Average Value,TRUE,FALSE,FALSE,Mediatek,Dimensity 6300,8,2.4,4,64,6000,45,133.33,Standard,6.67,120,32,5,1,Android v15
Vivo,Y500 Pro 5G,Mid-Range,29990,72,1.522389029,Value King,TRUE,TRUE,TRUE,Mediatek,Dimensity 7400,8,2.6,8,128,7000,90,77.78,Super Fast,6.67,120,200,32,2,Android v16
Vivo,T4R 5G,Mid-Range,24728,66,0.478614983,Average Value,TRUE,FALSE,FALSE,Mediatek,Dimensity 7400,8,2.6,8,256,5700,44,129.55,Standard,6.77,120,50,32,2,Android v15
Iqoo,Z10 Turbo Plus,Mid-Range,25999,71,1.348426688,Value King,TRUE,TRUE,TRUE,Mediatek,Dimensity 9400 Plus,8,3.63,12,256,8000,80,100,Standard,6.78,144,50,16,2,Android v15
Oneplus,Ace 6 Ultra,Premium,39990,74,-0.186403614,Average Value,TRUE,TRUE,TRUE,Mediatek,Dimensity 9500,8,4.21,12,256,8500,100,85,Super Fast,6.78,120,50,32,2,Android v15
Infinix,Hot 60 Pro Plus,Mid-Range,19990,57,-1.087046085,Overpriced,FALSE,TRUE,TRUE,Mediatek,Helio G200,8,2.2,8,128,5160,45,114.67,Standard,6.78,144,50,13,1,Android v15
Poco,F7 5G,Premium,37999,76,0.125948388,Average Value,TRUE,TRUE,TRUE,Qualcomm,Snapdragon 8s Gen 4,8,3.2,12,512,7550,90,83.89,Super Fast,6.83,120,50,20,2,Android v15
Vivo,Y19 5G,Budget,12999,48,-0.576379171,Average Value,TRUE,FALSE,FALSE,Mediatek,Dimensity 6300,8,2.4,4,64,5500,15,366.67,Slow Charging,6.74,90,13,5,2,Android v15
Lava,Bold 5G,Mid-Range,16490,61,-0.391196721,Average Value,TRUE,FALSE,FALSE,Mediatek,Dimensity 6300,8,2.4,8,128,5000,33,151.52,Standard,6.67,120,64,16,2,Android v14
Samsung,Galaxy A14 4G,Budget,9699,46,-0.923409253,Average Value,FALSE,FALSE,FALSE,Samsung,Exynos 850,8,2,6,128,5000,15,333.33,Slow Charging,6.6,120,50,13,3,Android v13
Realme,14x 5G,Budget,14999,55,0.638226116,Average Value,TRUE,FALSE,FALSE,Mediatek,Dimensity 6300,8,2.4,6,128,6000,45,133.33,Standard,6.67,120,50,8,2,Android v14
Vivo,Y29 5G,Budget,13999,53,0.291196034,Average Value,TRUE,FALSE,FALSE,Mediatek,Dimensity 6300,8,2.4,4,128,5500,44,125,Standard,6.68,120,50,8,2,Android v14
Huawei,Mate 80 Pro,Flagship,75990,81,-0.296412762,Average Value,TRUE,TRUE,TRUE,Hisilicon,Kirin 9030,8,4.04,12,256,5750,100,57.5,Super Fast,6.75,144,50,13,3,HarmonyOS v6
Oneplus,12R,Premium,36449,71,-0.654931615,Average Value,TRUE,TRUE,TRUE,Qualcomm,Snapdragon 8 Gen 2,8,3.2,16,256,5500,100,55,Super Fast,6.78,120,50,16,3,Android v14
Realme,C65 5G,Budget,10499,53,0.291196034,Average Value,TRUE,FALSE,FALSE,Mediatek,Dimensity 6300,8,2.4,4,64,5000,15,333.33,Slow Charging,6.67,120,50,8,1,Android v14
Samsung,Galaxy Z Flip 4,Premium,38350,72,-0.498755615,Average Value,TRUE,TRUE,FALSE,Qualcomm,Snapdragon 8+ Gen 1,8,3.2,8,256,3700,25,148,Slow Charging,6.7,120,12,10,2,Android v16
Samsung,Galaxy S23 5G,Flagship,72999,72,-1.370708745,Overpriced,TRUE,TRUE,FALSE,Qualcomm,Snapdragon 8 Gen 2,8,3.36,8,128,3900,25,156,Slow Charging,6.1,120,50,12,3,Android v13
Google,Pixel 7A,Premium,30999,62,-2.06051562,Overpriced,TRUE,TRUE,FALSE,Google,Tensor G2,8,2.85,8,128,4385,18,243.61,Slow Charging,6.1,90,64,13,2,Android v13
Poco,X6 Pro 5G,Mid-Range,26999,70,1.174464347,Value King,TRUE,TRUE,TRUE,Mediatek,Dimensity 8300 Ultra,8,3.35,8,256,5000,67,74.63,Standard,6.67,120,64,16,3,Android v14
Xiaomi,Redmi Note 13 Pro 5G,Mid-Range,28990,67,0.652577324,Average Value,TRUE,FALSE,TRUE,Qualcomm,Snapdragon 7s Gen 2,8,2.4,8,128,5100,67,76.12,Standard,6.67,120,200,16,3,Android v13
Oppo,K14x 5G,Budget,14449,54,0.464711075,Average Value,TRUE,FALSE,FALSE,Mediatek,Dimensity 6300,8,2.4,4,64,6500,45,144.44,Standard,6.75,120,50,5,2,Android v15
Oppo,A6s 5G,Mid-Range,20999,55,-1.434970767,Overpriced,TRUE,FALSE,FALSE,Mediatek,Dimensity 6300,8,2.4,4,128,6500,45,144.44,Standard,6.75,120,50,5,2,Android v15
Motorola,Razr Fold,Flagship,139999,88,0.53915078,Average Value,TRUE,TRUE,TRUE,Qualcomm,Snapdragon 8 Gen 5,8,3.8,12,256,5200,90,57.78,Super Fast,8.09,120,50,32,2,Android v16
Realme,GT 8 Pro Dream Edition,Flagship,79999,95,1.374714323,Value King,TRUE,TRUE,TRUE,Qualcomm,Snapdragon 8 Elite Gen 5,8,4.6,16,512,7000,120,58.33,Super Fast,6.79,144,200,32,3,Android v16
Oppo,F31 5G,Mid-Range,28999,66,0.478614983,Average Value,TRUE,FALSE,TRUE,Mediatek,Dimensity 6300,8,2.4,8,256,7000,80,87.5,Standard,6.57,120,50,16,2,Android v15
Apple,iPhone 17,Flagship,102900,77,-0.773877643,Average Value,TRUE,TRUE,FALSE,Apple,Apple A19,6,4.04,8,512,3692,90,41.02,Super Fast,6.3,120,48,18,2,iOS v19
Xiaomi,Redmi 15 5G,Mid-Range,17999,62,-0.21723438,Average Value,TRUE,FALSE,TRUE,Qualcomm,Snapdragon 6s Gen 3,8,2.3,8,128,7000,33,212.12,Standard,6.9,144,50,8,2,Android v15
Samsung,Galaxy A07 4G,Budget,9200,46,-0.923409253,Average Value,FALSE,FALSE,FALSE,Mediatek,Helio G99,8,2.2,4,64,5000,25,200,Slow Charging,6.7,90,50,8,2,Android v15
Lava,Blaze AMOLED 2,Budget,14349,59,1.332286281,Value King,TRUE,FALSE,FALSE,Mediatek,Dimensity 7060,8,2.6,6,128,5000,10,500,Slow Charging,6.67,120,50,8,2,Android v15
Vivo,Y400 Pro 5G,Mid-Range,27999,64,0.130690301,Average Value,TRUE,FALSE,TRUE,Mediatek,Dimensity 7300,8,2.5,8,256,5500,90,61.11,Super Fast,6.77,120,50,32,2,Android v15
Infinix,Smart 10,Budget,8499,43,-1.443954376,Overpriced,FALSE,FALSE,FALSE,Unisoc,Unisoc T7250,8,1.8,4,64,5000,15,333.33,Slow Charging,6.67,120,8,8,1,Android v15
Acer,Super ZX 5G,Mid-Range,15990,53,-1.782895449,Overpriced,TRUE,FALSE,FALSE,Mediatek,Dimensity 6300,8,2.4,8,128,5000,33,151.52,Standard,6.8,120,64,13,3,Android v15
Vivo,Y19 5G,Budget,12999,49,-0.40286413,Average Value,TRUE,FALSE,FALSE,Mediatek,Dimensity 6300,8,2.4,6,128,5500,15,366.67,Slow Charging,6.74,90,13,5,2,Android v15
Samsung,Galaxy F06 5G,Budget,11839,48,-0.576379171,Average Value,TRUE,FALSE,FALSE,Mediatek,Dimensity 6300,8,2.4,4,64,5000,25,200,Slow Charging,6.7,120,50,8,2,Android v15
Realme,P3 Ultra,Mid-Range,28999,67,0.652577324,Average Value,TRUE,FALSE,TRUE,Mediatek,Dimensity 8350 Ultra,8,3.35,8,256,6000,80,75,Standard,6.83,120,50,16,2,Android v15
Itel,Power 70,Budget,7299,43,-1.443954376,Overpriced,FALSE,FALSE,FALSE,Mediatek,Helio G50,8,2.2,4,128,6000,18,333.33,Slow Charging,6.67,120,13,8,1,Android v14
Iqoo,Z10x 5G,Mid-Range,20498,59,-0.739121403,Average Value,TRUE,FALSE,TRUE,Mediatek,Dimensity 7300,8,2.5,8,256,6500,44,147.73,Standard,6.72,120,50,8,2,Android v15
Vivo,V50e 5G,Mid-Range,26999,66,0.478614983,Average Value,TRUE,FALSE,FALSE,Mediatek,Dimensity 7300,8,2.5,8,128,5600,90,62.22,Super Fast,6.77,120,50,50,2,Android v15
Sony,Xperia 1 VII,Flagship,140990,83,-0.057680321,Average Value,TRUE,TRUE,FALSE,Qualcomm,Snapdragon 8 Elite,8,4.32,12,256,5000,30,166.67,Standard,6.5,120,48,12,3,Android v15
Oppo,F29 Pro 5G,Mid-Range,29990,63,-0.04327204,Average Value,TRUE,FALSE,FALSE,Mediatek,Dimensity 7300,8,2.5,8,128,6000,80,75,Standard,6.7,120,50,16,2,Android v14
Realme,GT 7 Pro 5G,Premium,48999,79,0.594476389,Average Value,TRUE,TRUE,TRUE,Qualcomm,Snapdragon 8 Elite,8,4.32,12,256,5800,120,48.33,Super Fast,6.78,120,50,16,3,Android v15
Google,Pixel 8A,Premium,36990,64,-1.748163619,Overpriced,TRUE,TRUE,FALSE,Google,Tensor G3,9,3,8,256,4492,30,149.73,Standard,6.1,120,64,13,2,Android v14
Huawei,Pura 80 Ultra,Flagship,118990,83,-0.057680321,Average Value,TRUE,TRUE,TRUE,Hisilicon,Kirin 9020,8,2.5,16,512,5700,100,57,Super Fast,6.8,120,50,13,3,HarmonyOS v5.1
Vivo,T3x 5G,Mid-Range,15499,57,-1.087046085,Overpriced,TRUE,FALSE,FALSE,Qualcomm,Snapdragon 6 Gen 1,8,2.2,8,128,6000,44,136.36,Standard,6.72,120,50,8,2,Android v14
Motorola,Moto G56 5G,Mid-Range,15990,61,-0.391196721,Average Value,TRUE,FALSE,FALSE,Mediatek,Dimensity 7060,8,2.6,8,256,5200,30,173.33,Standard,6.72,120,50,32,2,Android v15
Vivo,V40 Pro,Premium,41999,75,-0.030227613,Average Value,TRUE,FALSE,FALSE,Mediatek,Dimensity 9200 Plus,8,3.35,8,256,5500,80,68.75,Standard,6.78,120,50,50,3,Android v14
Samsung,Galaxy F15 5G,Budget,14999,54,0.464711075,Average Value,TRUE,FALSE,FALSE,Mediatek,Dimensity 6100 Plus,8,2.2,6,128,6000,25,240,Slow Charging,6.45,90,50,13,3,Android v14
Oppo,Reno 12 Pro 5G,Premium,40999,74,-0.186403614,Average Value,TRUE,TRUE,TRUE,Mediatek,Dimensity 7300 Energy,8,2.5,12,256,5000,80,62.5,Standard,6.7,120,50,50,3,Android v14
Xiaomi,Redmi 12 5G,Budget,14499,54,0.464711075,Average Value,TRUE,FALSE,TRUE,Qualcomm,Snapdragon 4 Gen 2,8,2.2,8,256,5000,18,277.78,Slow Charging,6.79,90,50,8,2,Android v13
Samsung,Galaxy S21 FE,Premium,38999,66,-1.435811618,Overpriced,TRUE,TRUE,FALSE,Qualcomm,Snapdragon 888,8,2.84,8,256,4500,25,180,Slow Charging,6.4,120,12,32,3,Android v13
Motorola,Edge 50 5G,Mid-Range,22990,70,1.174464347,Value King,TRUE,TRUE,FALSE,Qualcomm,Snapdragon 7 Gen 1 AE,8,2.5,8,256,5000,68,73.53,Standard,6.67,120,50,32,3,Android v14
Xiaomi,Redmi A7 Pro 5G,Mid-Range,15999,46,-3.000631835,Overpriced,FALSE,FALSE,FALSE,Unisoc,Unisoc T8300,8,2.2,4,64,6300,15,420,Slow Charging,6.9,120,32,8,2,Android v16
Nubia,Neo 5 GT,Mid-Range,21999,64,0.130690301,Average Value,TRUE,TRUE,FALSE,Mediatek,Dimensity 7400,8,2.6,12,256,6000,80,75,Standard,6.8,120,50,16,1,Android v16
Realme,Narzo Power 5G,Mid-Range,24565,74,1.87031371,Value King,TRUE,FALSE,TRUE,Mediatek,Dimensity 7400 Ultra,8,2.6,8,128,10001,80,125.01,Standard,6.8,144,50,16,2,Android v16
Xiaomi,Redmi Note 15 Pro Plus,Premium,38999,80,0.75065239,Average Value,TRUE,TRUE,TRUE,Qualcomm,Snapdragon 7s Gen 4,8,2.7,12,256,6500,100,65,Super Fast,6.83,120,200,32,2,Android v15
Realme,16 Pro Plus 5G,Premium,48999,83,1.219180391,Value King,TRUE,TRUE,TRUE,Qualcomm,Snapdragon 7 Gen 4,8,2.8,12,256,7000,80,87.5,Standard,6.8,144,200,50,3,Android v16
Oppo,Reno 15F,Premium,39999,68,-1.123459617,Overpriced,TRUE,TRUE,FALSE,Qualcomm,Snapdragon 6 Gen 1,8,2.2,8,128,7000,80,87.5,Standard,6.57,120,50,50,3,Android v16
Vivo,X300,Flagship,85999,88,0.53915078,Average Value,TRUE,TRUE,TRUE,Mediatek,Dimensity 9500,8,4.21,16,512,6040,90,67.11,Super Fast,6.31,120,200,50,3,Android v16
Oppo,K14 5G,Mid-Range,23999,63,-0.04327204,Average Value,TRUE,TRUE,TRUE,Mediatek,Dimensity 6300,8,2.4,8,256,7000,45,155.56,Standard,6.75,120,50,8,2,Android v15
Poco,F8 Pro,Premium,44990,81,0.90682839,Average Value,TRUE,TRUE,TRUE,Qualcomm,Snapdragon 8 Elite,8,4.32,12,256,6210,100,62.1,Super Fast,6.59,120,50,20,3,Android v16
Xiaomi,Redmi 16,Mid-Range,15990,57,-1.087046085,Overpriced,TRUE,FALSE,TRUE,Qualcomm,Snapdragon 6s Gen 4,8,2.4,6,128,7500,33,227.27,Standard,6.9,144,50,16,2,Android v16
Oppo,Reno 15 Pro Max,Premium,59990,84,1.375356392,Value King,TRUE,TRUE,TRUE,Mediatek,Dimensity 8450,8,3.25,12,256,6500,80,81.25,Standard,6.78,120,200,50,3,Android v16
Huawei,Enjoy 90 Pro Max,Mid-Range,23990,66,0.478614983,Average Value,TRUE,TRUE,TRUE,Hisilicon,Octa Core Processor,8,2.5,8,128,8500,40,212.5,Standard,6.84,120,50,8,1,HarmonyOS v6
Hmd,Fuse,Budget,8990,58,1.15877124,Value King,TRUE,TRUE,FALSE,Qualcomm,Snapdragon 4 Gen 2,8,2.2,6,128,5000,33,151.52,Standard,6.56,90,108,50,2,Android v14
Wobble,One 5G,Mid-Range,27999,66,0.478614983,Average Value,TRUE,FALSE,FALSE,Mediatek,Dimensity 7400,8,2.6,8,256,5000,33,151.52,Standard,6.67,120,50,50,3,Android v15
Tecno,Spark 40,Budget,10999,50,-0.229349089,Average Value,FALSE,FALSE,TRUE,Mediatek,Helio G81,8,2,4,128,5200,45,115.56,Standard,6.67,120,50,8,1,Android v15
Vivo,S30 Pro Mini,Premium,40990,77,0.282124388,Average Value,TRUE,TRUE,TRUE,Mediatek,Dimensity 9300 Plus,8,3.4,12,256,6500,90,72.22,Super Fast,6.31,120,50,50,3,Android v15
Iqoo,Z10 5G,Mid-Range,26998,68,0.826539665,Average Value,TRUE,FALSE,TRUE,Qualcomm,Snapdragon 7s Gen 3,8,2.5,8,256,7300,90,81.11,Super Fast,6.77,120,50,32,2,Android v15
Realme,Narzo 80 Pro 5G,Mid-Range,21999,64,0.130690301,Average Value,TRUE,FALSE,FALSE,Mediatek,Dimensity 7400,8,2.6,8,256,6000,80,75,Standard,6.72,120,50,16,2,Android v15
Realme,C73,Budget,11999,52,0.117680993,Average Value,TRUE,FALSE,FALSE,Mediatek,Dimensity 6300,8,2.4,4,64,6000,15,400,Slow Charging,6.67,120,32,8,2,Android v15
Samsung,Galaxy A56 5G,Premium,43999,66,-1.435811618,Overpriced,TRUE,TRUE,FALSE,Samsung,Exynos 1580,8,2.9,8,256,5000,45,111.11,Standard,6.7,120,50,12,3,Android v15
Samsung,Galaxy A06 5G,Budget,11790,52,0.117680993,Average Value,TRUE,FALSE,FALSE,Mediatek,Dimensity 6300,8,2.4,4,128,5000,25,200,Slow Charging,6.7,90,50,8,2,Android v15
Honor,400 Lite,Premium,34990,63,-1.90433962,Overpriced,TRUE,TRUE,FALSE,Mediatek,Dimensity 7025 Ultra,8,2.5,8,256,5230,35,149.43,Standard,6.7,120,108,16,2,Android v15
Poco,F8,Premium,37990,76,0.125948388,Average Value,TRUE,TRUE,TRUE,Qualcomm,Snapdragon 8s Elite,8,3.2,12,256,7700,100,77,Super Fast,6.78,144,50,32,3,Android v16
Xiaomi,Redmi A5 5G,Budget,9990,52,0.117680993,Average Value,TRUE,TRUE,FALSE,Qualcomm,Snapdragon 4 Gen 3,8,2.3,4,128,5500,33,166.67,Standard,6.78,120,50,8,3,Android v14
Xiaomi,Redmi Turbo 4,Mid-Range,23990,71,1.348426688,Value King,TRUE,TRUE,TRUE,Mediatek,Dimensity 8400 Ultra,8,3.25,12,256,6550,90,72.78,Super Fast,6.67,120,50,20,2,Android v15
Vivo,X200 Ultra,Flagship,76990,88,0.53915078,Average Value,TRUE,TRUE,TRUE,Qualcomm,Snapdragon 8 Elite,8,4.32,12,256,6000,90,66.67,Super Fast,6.82,120,200,50,3,Android v15
Realme,P2 Pro 5G,Mid-Range,17999,63,-0.04327204,Average Value,TRUE,FALSE,FALSE,Qualcomm,Snapdragon 7s Gen 2,8,2.4,8,128,5200,80,65,Standard,6.7,120,50,32,2,Android v14
Realme,P1 Pro 5G,Mid-Range,16999,59,-0.739121403,Average Value,TRUE,FALSE,FALSE,Qualcomm,Snapdragon 6 Gen 1,8,2.2,8,256,5000,45,111.11,Standard,6.7,120,50,16,2,Android v14
Oneplus,12R,Premium,35499,66,-1.435811618,Overpriced,TRUE,TRUE,TRUE,Qualcomm,Snapdragon 8 Gen 2,8,3.2,8,256,5500,100,55,Super Fast,6.78,120,50,16,3,Android v14
Infinix,Note 50,Budget,14990,63,2.026346445,Performance Beast,FALSE,TRUE,TRUE,Mediatek,Helio G100,8,2.2,8,256,5200,45,115.56,Standard,6.78,144,50,13,2,Android v15
Nokia,X200,Mid-Range,24999,62,-0.21723438,Average Value,TRUE,TRUE,FALSE,Qualcomm,Snapdragon 6 Gen 4,8,2.2,8,256,6000,33,181.82,Standard,6.7,120,50,32,3,Android v15
Samsung,Galaxy A76,Premium,42990,72,-0.498755615,Average Value,TRUE,TRUE,FALSE,Qualcomm,Snapdragon 7+ Gen 2,8,2.91,8,128,5000,45,111.11,Standard,6.78,120,108,32,4,Android v14
Honor,90 5G,Mid-Range,25999,64,0.130690301,Average Value,TRUE,TRUE,FALSE,Qualcomm,Snapdragon 7 Gen 1 AE,8,2.36,8,256,5000,66,75.76,Standard,6.7,120,200,50,3,Android v13
Apple,iPhone 15 Pro,Flagship,134900,70,-1.609441186,Overpriced,TRUE,TRUE,FALSE,Apple,Bionic A17 Pro,6,3.78,8,128,3274,90,36.38,Super Fast,6.1,120,48,12,3,iOS v17
Realme,C83 5G,Mid-Range,16499,52,-1.95685779,Overpriced,TRUE,FALSE,FALSE,Mediatek,Dimensity 6300,8,2.4,4,128,7000,15,466.67,Slow Charging,6.8,144,13,5,1,Android v16
Oppo,A6s Pro,Mid-Range,28990,59,-0.739121403,Average Value,FALSE,TRUE,FALSE,Mediatek,Helio G100 Max,8,2.2,8,256,7000,80,87.5,Standard,6.57,120,50,50,2,Android v16
Samsung,Galaxy A37 5G,Premium,44499,68,-1.123459617,Overpriced,TRUE,TRUE,FALSE,Samsung,Exynos 1480,8,2.7,8,256,5000,45,111.11,Standard,6.7,120,50,12,3,Android v16
Ai+,Nova 2 Pro,Budget,12999,53,0.291196034,Average Value,TRUE,FALSE,FALSE,Unisoc,Octa Core Processor,8,2.3,6,128,6000,18,333.33,Slow Charging,6.8,120,50,8,2,Android v16
Tecno,Pova Curve 2 5G,Premium,31999,63,-1.90433962,Overpriced,TRUE,FALSE,TRUE,Mediatek,Dimensity 7100,8,2.4,8,256,8000,45,177.78,Standard,6.78,144,50,13,2,Android v16
Poco,M8 5G,Mid-Range,20699,63,-0.04327204,Average Value,TRUE,FALSE,TRUE,Qualcomm,Snapdragon 6 Gen 3,8,2.4,8,256,5520,45,122.67,Standard,6.77,120,50,20,2,Android v15
Xiaomi,Redmi 15C 5G,Mid-Range,15999,57,-1.087046085,Overpriced,TRUE,FALSE,FALSE,Mediatek,Dimensity 6300,8,2.4,6,128,6000,33,181.82,Standard,6.9,120,50,8,2,Android v15
Vivo,V60e,Premium,35999,77,0.282124388,Average Value,TRUE,TRUE,TRUE,Mediatek,Dimensity 7360 Turbo,8,2.5,12,256,6500,90,72.22,Super Fast,6.77,120,200,50,2,Android v15
Tecno,Pova Curve 5G,Mid-Range,19999,63,-0.04327204,Average Value,TRUE,TRUE,TRUE,Mediatek,Dimensity 7300 Ultimate,8,2.5,8,256,5500,45,122.22,Standard,6.78,144,64,13,2,Android v15
Vivo,Y31 Pro 5G,Mid-Range,21999,58,-0.913083744,Average Value,TRUE,FALSE,TRUE,Mediatek,Dimensity 7300,8,2.5,8,256,6500,44,147.73,Standard,6.72,120,50,8,2,Android v15
Realme,P5 Pro 5G,Premium,34999,71,-0.654931615,Average Value,TRUE,FALSE,FALSE,Qualcomm,Snapdragon 7s Gen 4,8,2.5,8,256,10000,100,100,Super Fast,6.82,144,50,50,3,Android v16
Oppo,K13 Turbo Pro,Premium,36999,72,-0.498755615,Average Value,TRUE,FALSE,TRUE,Qualcomm,Snapdragon 8s Gen 4,8,3.2,12,256,7000,80,87.5,Standard,6.8,120,50,16,2,Android v15
Nothing,Phone 3,Flagship,65988,85,0.181052119,Average Value,TRUE,TRUE,FALSE,Qualcomm,Snapdragon 8s Gen 4,8,3.2,16,512,5500,65,84.62,Standard,6.67,120,50,50,3,Android v15
Samsung,Galaxy M36 5G,Mid-Range,24499,61,-0.391196721,Average Value,TRUE,FALSE,FALSE,Samsung,Exynos 1380,8,2.4,8,256,5000,25,200,Slow Charging,6.7,120,50,13,3,Android v15
Vivo,T4 Lite 5G,Mid-Range,16999,54,-1.608933108,Overpriced,TRUE,FALSE,FALSE,Mediatek,Dimensity 6300,8,2.4,8,128,6000,15,400,Slow Charging,6.74,90,50,5,2,Android v15
Iqoo,Neo 10,Premium,43998,83,1.219180391,Value King,TRUE,TRUE,TRUE,Qualcomm,Snapdragon 8s Gen 4,8,3.2,16,512,7000,120,58.33,Super Fast,6.78,144,50,32,2,Android v15
Asus,ROG Phone 10 Pro,Flagship,112990,84,0.061685899,Average Value,TRUE,TRUE,FALSE,Qualcomm,Snapdragon 8 Elite Gen 5,8,4.6,16,512,6000,80,75,Standard,6.82,120,50,32,3,Android v15
Iqoo,Z10 5G,Mid-Range,27999,70,1.174464347,Value King,TRUE,FALSE,TRUE,Qualcomm,Snapdragon 7s Gen 3,8,2.5,12,256,7300,90,81.11,Super Fast,6.77,120,50,32,2,Android v15
Xiaomi,Redmi Note 14 Pro Plus,Premium,31999,72,-0.498755615,Average Value,TRUE,FALSE,TRUE,Qualcomm,Snapdragon 7s Gen 3,8,2.5,12,512,6200,90,68.89,Super Fast,6.67,120,50,20,3,Android v14
Google,Pixel 11,Flagship,79990,75,-1.012610084,Overpriced,TRUE,TRUE,FALSE,Google,Google Tensor 6,8,4.04,8,256,5500,65,84.62,Standard,6.6,120,50,50,2,Android v15
Vivo,Y39 5G,Mid-Range,17990,55,-1.434970767,Overpriced,TRUE,FALSE,FALSE,Qualcomm,Snapdragon 4 Gen 2,8,2.2,8,128,6500,44,147.73,Standard,6.68,120,50,8,2,Android v15
Infinix,Note 40X 5G,Mid-Range,15999,62,-0.21723438,Average Value,TRUE,TRUE,FALSE,Mediatek,Dimensity 6300,8,2.4,12,256,5000,18,277.78,Slow Charging,6.78,120,108,8,3,Android v14
Oppo,F27 Pro Plus 5G,Mid-Range,25999,64,0.130690301,Average Value,TRUE,FALSE,FALSE,Mediatek,Dimensity 7050,8,2.6,8,128,5000,67,74.63,Standard,6.7,120,64,8,2,Android v14
Vivo,T3 Lite 5G,Budget,12890,54,0.464711075,Average Value,TRUE,FALSE,FALSE,Mediatek,Dimensity 6300,8,2.4,4,128,5000,15,333.33,Slow Charging,6.56,90,50,8,2,Android v14
Tecno,Pova 8 Pro 5G,Mid-Range,22999,66,0.478614983,Average Value,TRUE,TRUE,TRUE,Mediatek,Dimensity 7400 Ultimate,8,2.6,8,128,7000,45,155.56,Standard,6.78,144,50,16,2,Android v16
Oppo,Reno 12 5G,Premium,43999,66,-1.435811618,Overpriced,TRUE,FALSE,TRUE,Mediatek,Dimensity 7300,8,2.5,8,256,5000,80,62.5,Standard,6.7,120,50,32,3,Android v14
Realme,12X,Budget,11999,54,0.464711075,Average Value,TRUE,FALSE,FALSE,Mediatek,Dimensity 6100 Plus,8,2.2,4,128,5000,45,111.11,Standard,6.72,120,50,8,2,Android v14
Xiaomi,Redmi 12 4G,Budget,9999,50,-0.229349089,Average Value,FALSE,FALSE,TRUE,Mediatek,Helio G88,8,2,6,128,5000,18,277.78,Slow Charging,6.79,90,50,8,3,Android v13
Vivo,T2x 5G,Budget,12999,50,-0.229349089,Average Value,TRUE,FALSE,FALSE,Mediatek,Dimensity 6020,8,2.2,6,128,5000,18,277.78,Slow Charging,6.58,120,50,8,2,Android v13
Google,Pixel 9 Pro,Flagship,109999,83,-0.057680321,Average Value,TRUE,TRUE,FALSE,Google,Tensor G4,8,3.1,16,256,4700,27,174.07,Slow Charging,6.3,120,50,42,3,Android v14
Iqoo,12 5G,Premium,54999,76,0.125948388,Average Value,TRUE,TRUE,TRUE,Qualcomm,Snapdragon 8 Gen 3,8,3.3,12,256,5000,120,41.67,Super Fast,6.78,144,64,16,3,Android v14
Vivo,Y21 5G,Mid-Range,22999,59,-0.739121403,Average Value,TRUE,TRUE,TRUE,Mediatek,Dimensity 6300,8,2.4,8,128,6500,44,147.73,Standard,6.74,120,50,5,2,Android v16
Realme,GT 9 Pro,Flagship,79990,88,0.53915078,Average Value,TRUE,TRUE,TRUE,Qualcomm,Snapdragon 8 Elite Gen 6,8,4.04,12,256,7000,120,58.33,Super Fast,6.79,144,200,32,3,Android v17
Tecno,Pova 8 5G,Mid-Range,17990,61,-0.391196721,Average Value,TRUE,TRUE,TRUE,Mediatek,Dimensity 7100,8,2.4,8,128,7000,45,155.56,Standard,6.83,144,50,16,2,Android v16
Oppo,Find X10 Pro 5G,Flagship,119990,92,1.016615662,Value King,TRUE,TRUE,TRUE,Mediatek,Dimensity 9600,8,4.04,16,512,8500,100,85,Super Fast,6.82,120,200,50,3,Android v17
Vivo,X200T,Flagship,69999,89,0.658517001,Average Value,TRUE,TRUE,TRUE,Mediatek,Dimensity 9400 Plus,8,3.63,12,512,6200,90,68.89,Super Fast,6.67,120,50,32,3,Android v16
Vivo,T4 Lite 5G,Budget,12999,52,0.117680993,Average Value,TRUE,FALSE,FALSE,Mediatek,Dimensity 6300,8,2.4,4,64,6000,15,400,Slow Charging,6.74,90,50,5,2,Android v15
Oppo,Reno 15c 5G,Premium,40999,70,-0.811107616,Average Value,TRUE,FALSE,TRUE,Qualcomm,Snapdragon 6 Gen 1,8,2.2,12,256,7000,80,87.5,Standard,6.57,120,50,50,3,Android v16
Realme,Narzo 90x,Mid-Range,16499,59,-0.739121403,Average Value,TRUE,FALSE,FALSE,Mediatek,Dimensity 6300,8,2.4,8,128,7000,60,116.67,Standard,6.8,144,50,8,2,Android v15
Oppo,A6x 5G,Mid-Range,16999,52,-1.95685779,Overpriced,TRUE,FALSE,FALSE,Mediatek,Dimensity 6300,8,2.4,4,128,6500,45,144.44,Standard,6.75,120,13,5,1,Android v15
Wobble,One,Mid-Range,26999,66,0.478614983,Average Value,TRUE,FALSE,FALSE,Mediatek,Dimensity 7400,8,2.6,8,128,5000,33,151.52,Standard,6.67,120,50,50,3,Android v15
Samsung,Galaxy M17 5G,Mid-Range,17499,57,-1.087046085,Overpriced,TRUE,TRUE,FALSE,Samsung,Exynos 1330,8,2.4,8,128,5000,25,200,Slow Charging,6.7,90,50,13,3,Android v15
Samsung,Galaxy M18 5G,Mid-Range,19990,55,-1.434970767,Overpriced,TRUE,TRUE,FALSE,Samsung,Octa Core Processor,8,2.5,8,128,5500,25,220,Slow Charging,6.74,90,50,16,3,Android v16
Lava,Bold N1 5G,Budget,9499,46,-0.923409253,Average Value,TRUE,FALSE,FALSE,Unisoc,Unisoc T765,8,2.3,4,128,5000,10,500,Slow Charging,6.75,120,13,5,1,Android v15
Oppo,F31 Pro Plus 5G,Premium,34999,71,-0.654931615,Average Value,TRUE,FALSE,FALSE,Qualcomm,Snapdragon 7 Gen 3,8,2.63,12,256,7000,80,87.5,Standard,6.8,120,50,32,2,Android v15
Samsung,Galaxy F36 5G,Mid-Range,24499,64,0.130690301,Average Value,TRUE,TRUE,FALSE,Samsung,Exynos 1380,8,2.4,8,256,5000,25,200,Slow Charging,6.7,120,50,13,3,Android v15
Nubia,Z80 Ultra,Flagship,61990,84,0.061685899,Average Value,TRUE,TRUE,TRUE,Qualcomm,Snapdragon 8 Elite Gen 5,8,4.6,12,512,7200,90,80,Super Fast,6.85,144,64,16,3,Android v16
Iqoo,Z10R,Mid-Range,24998,66,0.478614983,Average Value,TRUE,FALSE,FALSE,Mediatek,Dimensity 7400,8,2.6,8,256,5700,44,129.55,Standard,6.77,120,50,32,2,Android v15
Infinix,Note 50s 5G,Mid-Range,17999,62,-0.21723438,Average Value,TRUE,FALSE,TRUE,Mediatek,Dimensity 7300 Ultimate,8,2.5,6,128,5500,45,122.22,Standard,6.78,144,64,13,2,Android v15
Infinix,Hot 60 Pro,Budget,13990,57,0.985256198,Average Value,FALSE,TRUE,TRUE,Mediatek,Helio G200,8,2.2,8,128,5160,45,114.67,Standard,6.78,144,50,13,1,Android v15
Lava,Storm Lite 5G,Budget,9999,49,-0.40286413,Average Value,TRUE,FALSE,FALSE,Mediatek,Dimensity 6400,8,2.5,4,64,5000,10,500,Slow Charging,6.75,120,50,5,2,Android v15
Iqoo,Z10 Lite,Budget,13999,52,0.117680993,Average Value,TRUE,FALSE,FALSE,Mediatek,Dimensity 6300,8,2.4,4,128,6000,15,400,Slow Charging,6.74,90,50,5,2,Android v15
Vivo,Y19 5G,Budget,11499,49,-0.40286413,Average Value,TRUE,FALSE,FALSE,Mediatek,Dimensity 6300,8,2.4,4,128,5500,15,366.67,Slow Charging,6.74,90,13,5,2,Android v15
Xiaomi,Redmi A5 4G,Budget,8999,46,-0.923409253,Average Value,FALSE,FALSE,FALSE,Unisoc,Unisoc T7250,8,1.8,4,128,5200,15,346.67,Slow Charging,6.88,120,32,8,1,Android v15
Samsung,Galaxy A26,Mid-Range,26470,66,0.478614983,Average Value,TRUE,TRUE,FALSE,Samsung,Exynos 1380,8,2.4,8,256,5000,25,200,Slow Charging,6.7,120,50,13,3,Android v15
Samsung,Galaxy M16 5G,Mid-Range,15999,55,-1.434970767,Overpriced,TRUE,TRUE,FALSE,Mediatek,Dimensity 6300,8,2.4,6,128,5000,25,200,Slow Charging,6.7,90,50,13,3,Android v14
Vivo,V50 5G,Premium,33999,70,-0.811107616,Average Value,TRUE,FALSE,FALSE,Qualcomm,Snapdragon 7 Gen 3,8,2.63,8,256,6000,90,66.67,Super Fast,6.77,120,50,50,2,Android v15
Oppo,A5,Mid-Range,16499,57,-1.087046085,Overpriced,TRUE,TRUE,FALSE,Mediatek,Dimensity 6300,8,2.4,6,128,6000,45,133.33,Standard,6.67,120,50,8,2,Android v15
Motorola,Moto G65 5G,Mid-Range,16990,62,-0.21723438,Average Value,TRUE,FALSE,FALSE,Mediatek,Dimensity 7300,8,2.5,8,128,6000,45,133.33,Standard,6.67,120,50,32,2,Android v15
Oneplus,13,Flagship,69999,90,0.777883221,Average Value,TRUE,TRUE,TRUE,Qualcomm,Snapdragon 8 Elite,8,4.32,16,512,6000,100,60,Super Fast,6.82,120,50,32,3,Android v15
Honor,Magic 8 Pro,Flagship,97990,89,0.658517001,Average Value,TRUE,TRUE,TRUE,Qualcomm,Snapdragon 8 Elite Gen 5,8,4.6,12,512,7100,100,71,Super Fast,6.71,120,200,50,3,Android v16
Apple,iPhone 16e,Premium,59900,63,-1.90433962,Overpriced,TRUE,TRUE,FALSE,Apple,Bionic A18,6,4.04,8,128,4005,80,50.06,Standard,6.1,60,48,12,1,iOS v18
Motorola,Moto G87,Mid-Range,20990,61,-0.391196721,Average Value,TRUE,FALSE,FALSE,Qualcomm,Snapdragon 7 Gen 2,8,2.5,8,256,5100,44,115.91,Standard,6.74,120,50,32,2,Android v15
Vivo,Y19s,Budget,8990,48,-0.576379171,Average Value,FALSE,FALSE,FALSE,Unisoc,Unisoc T612,8,1.8,6,128,5500,15,366.67,Slow Charging,6.68,90,50,5,2,Android v14
Realme,C63 5G,Budget,12999,54,0.464711075,Average Value,TRUE,FALSE,FALSE,Mediatek,Dimensity 6300,8,2.4,8,128,5000,10,500,Slow Charging,6.67,120,32,8,2,Android v14
Realme,C63 5G,Budget,10999,53,0.291196034,Average Value,TRUE,FALSE,FALSE,Mediatek,Dimensity 6300,8,2.4,4,128,5000,10,500,Slow Charging,6.67,120,32,8,2,Android v14
Vivo,V40e 5G,Mid-Range,28999,66,0.478614983,Average Value,TRUE,FALSE,FALSE,Mediatek,Dimensity 7300,8,2.5,8,128,5500,80,68.75,Standard,6.77,120,50,50,2,Android v14
Vivo,Y300 5G,Mid-Range,20999,61,-0.391196721,Average Value,TRUE,FALSE,FALSE,Qualcomm,Snapdragon 4 Gen 2,8,2.2,8,128,5000,80,62.5,Standard,6.67,120,50,32,2,Android v14
Hmd,Fusion,Budget,10999,58,1.15877124,Value King,TRUE,TRUE,FALSE,Qualcomm,Snapdragon 4 Gen 2,8,2.2,6,128,5000,33,151.52,Standard,6.56,90,108,50,2,Android v14
Realme,C61,Budget,7249,45,-1.096924294,Overpriced,FALSE,FALSE,FALSE,Unisoc,Unisoc T612,8,1.8,4,64,5000,18,277.78,Slow Charging,6.74,90,32,5,1,Android v14
Oneplus,Nord CE 5 Lite 5G,Mid-Range,22990,62,-0.21723438,Average Value,TRUE,FALSE,FALSE,Qualcomm,Snapdragon 7 Gen 2,8,2.5,8,256,5000,80,62.5,Standard,6.78,120,50,32,3,Android v15
Poco,X6 Neo,Mid-Range,17999,66,0.478614983,Average Value,TRUE,FALSE,TRUE,Mediatek,Dimensity 6080,8,2.4,12,256,5000,33,151.52,Standard,6.67,120,108,16,2,Android v13
Infinix,Note 40 Pro 5G,Mid-Range,21999,68,0.826539665,Average Value,TRUE,TRUE,TRUE,Mediatek,Dimensity 7020,8,2.2,8,256,5000,45,111.11,Standard,6.78,120,108,32,3,Android v14
Samsung,Galaxy S24 Ultra,Flagship,129999,84,0.061685899,Average Value,TRUE,TRUE,FALSE,Qualcomm,Snapdragon 8 Gen 3,8,3.3,12,512,5000,45,111.11,Standard,6.8,120,200,12,4,Android v14
Samsung,Galaxy M05,Budget,9999,44,-1.270439335,Overpriced,FALSE,FALSE,FALSE,Mediatek,Helio G85,8,2,4,64,5000,25,200,Slow Charging,6.7,120,50,8,2,Android v14
Samsung,Galaxy M06 5G,Budget,11999,48,-0.576379171,Average Value,TRUE,FALSE,FALSE,Mediatek,Dimensity 6300,8,2.4,4,128,5000,25,200,Slow Charging,6.74,90,50,8,2,Android v15
Nubia,Red Magic 10 Pro 5G,Premium,59990,83,1.219180391,Value King,TRUE,TRUE,TRUE,Qualcomm,Snapdragon 8 Elite,8,4.32,12,256,6500,80,81.25,Standard,6.85,144,50,16,3,Android v15
Vivo,T2 Pro 5G,Mid-Range,23999,58,-0.913083744,Average Value,TRUE,FALSE,FALSE,Mediatek,Dimensity 7200,8,2.8,8,256,4600,66,69.7,Standard,6.78,120,64,16,2,Android v13
Realme,GT Neo 6 SE,Mid-Range,19990,68,0.826539665,Average Value,TRUE,TRUE,TRUE,Qualcomm,Snapdragon 7+ Gen 3,8,2.8,8,256,5500,100,55,Super Fast,6.78,120,50,32,2,Android v14
Nothing,Phone 4,Flagship,80999,81,-0.296412762,Average Value,TRUE,TRUE,FALSE,Qualcomm,Snapdragon 7s Gen 4,8,2.4,12,256,6000,85,70.59,Super Fast,6.67,120,50,50,3,Android v15
Poco,F6 5G,Mid-Range,29999,71,1.348426688,Value King,TRUE,TRUE,TRUE,Qualcomm,Snapdragon 8s Gen 3,8,3,8,256,5000,90,55.56,Super Fast,6.67,120,50,20,2,Android v14
Samsung,Galaxy A16 5G,Mid-Range,20199,57,-1.087046085,Overpriced,TRUE,TRUE,FALSE,Mediatek,Dimensity 6300,8,2.4,8,128,5000,25,200,Slow Charging,6.7,90,50,13,3,Android v14
Vivo,V30 5G,Mid-Range,29999,68,0.826539665,Average Value,TRUE,FALSE,FALSE,Qualcomm,Snapdragon 7 Gen 3,8,2.63,8,128,5000,80,62.5,Standard,6.78,120,50,50,2,Android v14
Google,Pixel 7 5G,Mid-Range,29999,64,0.130690301,Average Value,TRUE,TRUE,FALSE,Google,Google Tensor G2,8,2.85,8,128,4355,30,145.17,Standard,6.3,90,50,10,2,Android v13
Apple,iPhone 9,Mid-Range,29990,40,-4.04440588,Overpriced,FALSE,TRUE,FALSE,Apple,A13 Bionic,6,2.65,3,64,2050,45,45.56,Standard,4.7,60,12,7,1,iOS v13
Oppo,A6X 4G,Budget,12999,44,-1.270439335,Overpriced,FALSE,FALSE,FALSE,Qualcomm,Snapdragon 685,8,2.8,4,64,6500,45,144.44,Standard,6.75,120,13,5,1,Android v15
Oppo,A6 5G,Mid-Range,25999,59,-0.739121403,Average Value,TRUE,TRUE,FALSE,Mediatek,Dimensity 6300,8,2.4,6,256,7000,45,155.56,Standard,6.75,120,50,8,2,Android v15
Oppo,A6 5G,Mid-Range,21999,59,-0.739121403,Average Value,TRUE,TRUE,FALSE,Mediatek,Dimensity 6300,8,2.4,6,128,7000,45,155.56,Standard,6.75,120,50,8,2,Android v15
Oppo,Reno 15 Pro 5G,Flagship,72999,88,0.53915078,Average Value,TRUE,TRUE,TRUE,Mediatek,Dimensity 8450,8,3.25,12,512,6500,80,81.25,Standard,6.78,120,200,50,3,Android v16
Iqoo,Z10 Lite 5G,Budget,12999,50,-0.229349089,Average Value,TRUE,FALSE,FALSE,Mediatek,Dimensity 6300,8,2.4,4,64,6000,15,400,Slow Charging,6.74,90,50,5,2,Android v15
Oppo,A6 Pro 5G,Mid-Range,26999,63,-0.04327204,Average Value,TRUE,FALSE,FALSE,Mediatek,Dimensity 6300,8,2.4,8,256,7000,80,87.5,Standard,6.75,120,50,16,2,Android v15
Poco,C85 5G,Budget,14470,58,1.15877124,Value King,TRUE,TRUE,FALSE,Mediatek,Dimensity 6300,8,2.4,6,128,6000,33,181.82,Standard,6.9,120,50,8,2,Android v15
Vivo,X300,Flagship,81999,86,0.30041834,Average Value,TRUE,TRUE,TRUE,Mediatek,Dimensity 9500,8,4.21,12,512,6040,90,67.11,Super Fast,6.31,120,200,50,3,Android v16
Realme,15 Lite 5G,Mid-Range,17499,59,-0.739121403,Average Value,TRUE,FALSE,FALSE,Mediatek,Dimensity 7300 Energy,8,2.5,8,128,5000,80,62.5,Standard,6.67,120,50,16,2,Android v15
Samsung,Galaxy F07,Budget,8998,45,-1.096924294,Overpriced,FALSE,FALSE,FALSE,Mediatek,Helio G99,8,2.2,4,64,5000,25,200,Slow Charging,6.7,120,50,8,2,Android v15
Xiaomi,17 Pro,Flagship,82990,92,1.016615662,Value King,TRUE,TRUE,TRUE,Qualcomm,Snapdragon 8 Elite Gen 5,8,4.6,12,256,6300,100,63,Super Fast,6.3,144,50,50,3,Android v16
Realme,P4 Pro 5G,Premium,30999,72,-0.498755615,Average Value,TRUE,FALSE,TRUE,Qualcomm,Snapdragon 7 Gen 4,8,2.8,8,256,7000,80,87.5,Standard,6.8,144,50,50,2,Android v15
Poco,M7 Plus 5G,Mid-Range,16799,59,-0.739121403,Average Value,TRUE,FALSE,TRUE,Qualcomm,Snapdragon 6s Gen 3,8,2.3,8,128,7000,33,212.12,Standard,6.9,144,50,8,1,Android v15
Vivo,V60 5G,Premium,45999,81,0.90682839,Average Value,TRUE,TRUE,TRUE,Qualcomm,Snapdragon 7 Gen 4,8,2.8,16,512,6500,90,72.22,Super Fast,6.77,120,50,50,3,Android v15
Iqoo,Z10R,Mid-Range,26998,67,0.652577324,Average Value,TRUE,FALSE,FALSE,Mediatek,Dimensity 7400,8,2.6,12,256,5700,44,129.55,Standard,6.77,120,50,32,2,Android v15
Tecno,Spark 40 Pro,Mid-Range,15999,57,-1.087046085,Overpriced,FALSE,TRUE,TRUE,Mediatek,Helio G100,8,2.2,8,128,5200,45,115.56,Standard,6.78,144,50,13,1,Android v15
Oppo,Reno 14 5G,Premium,44999,76,0.125948388,Average Value,TRUE,FALSE,TRUE,Mediatek,Dimensity 8350,8,3.35,12,256,6000,80,75,Standard,6.59,120,50,50,3,Android v15
Vivo,T4 Ultra,Premium,37999,75,-0.030227613,Average Value,TRUE,TRUE,FALSE,Mediatek,Dimensity 9300 Plus,8,3.25,12,256,5500,90,61.11,Super Fast,6.67,120,50,32,3,Android v15
Oneplus,13s,Premium,57999,81,0.90682839,Average Value,TRUE,TRUE,TRUE,Qualcomm,Snapdragon 8 Elite,8,4.32,12,512,5850,80,73.12,Standard,6.32,120,50,32,2,Android v15
Realme,GT 7 Dream Edition,Premium,49999,89,2.156236395,Performance Beast,TRUE,TRUE,TRUE,Mediatek,Dimensity 9400e,8,3.4,16,512,7000,120,58.33,Super Fast,6.78,120,50,32,3,Android v15
Realme,Neo 7 Turbo,Mid-Range,23990,75,2.044276051,Performance Beast,TRUE,TRUE,TRUE,Mediatek,Dimensity 9400e,8,3.4,12,256,7200,100,72,Super Fast,6.8,144,50,16,2,Android v15
Infinix,Note 50s 5G,Mid-Range,24999,64,0.130690301,Average Value,TRUE,FALSE,TRUE,Mediatek,Dimensity 7300 Ultimate,8,2.5,8,256,5500,45,122.22,Standard,6.78,144,64,13,2,Android v15
Realme,Narzo 90 Pro 5G,Mid-Range,21990,64,0.130690301,Average Value,TRUE,FALSE,FALSE,Mediatek,Dimensity 8400,8,2.5,8,128,6500,100,65,Super Fast,6.78,120,50,32,3,Android v16
Nubia,Red Magic 10 Air,Premium,40999,74,-0.186403614,Average Value,TRUE,TRUE,TRUE,Qualcomm,Snapdragon 8 Gen 3,8,3.3,12,256,6000,80,75,Standard,6.8,120,50,16,2,Android v15
Poco,C71,Budget,8963,45,-1.096924294,Overpriced,FALSE,FALSE,FALSE,Unisoc,Unisoc T7250,8,1.8,4,64,5200,15,346.67,Slow Charging,6.88,120,32,8,2,Android v15
Samsung,Galaxy F16 5G,Budget,14990,55,0.638226116,Average Value,TRUE,TRUE,FALSE,Mediatek,Dimensity 6300,8,2.4,6,128,5000,25,200,Slow Charging,6.7,90,50,13,3,Android v15
Poco,M7 5G,Budget,13984,53,0.291196034,Average Value,TRUE,FALSE,FALSE,Qualcomm,Snapdragon 4 Gen 2,8,2.2,8,128,5160,18,286.67,Slow Charging,6.88,120,50,8,1,Android v14
Xiaomi,Redmi Turbo 5,Mid-Range,29990,72,1.522389029,Value King,TRUE,TRUE,TRUE,Mediatek,Dimensity 8500 Ultra,8,3.4,12,256,7560,100,75.6,Super Fast,6.59,120,50,20,2,Android v16
Xiaomi,Redmi Note 14 Pro,Mid-Range,22869,62,-0.21723438,Average Value,TRUE,FALSE,TRUE,Mediatek,Dimensity 7300 Ultra,8,2.5,8,256,5500,45,122.22,Standard,6.67,120,50,20,3,Android v14
Itel,S25 Ultra,Mid-Range,17990,57,-1.087046085,Overpriced,FALSE,TRUE,TRUE,Unisoc,Unisoc T620,8,2.2,8,128,5000,18,277.78,Slow Charging,6.78,120,50,32,2,Android v14
Oppo,A5 Pro 5G,Mid-Range,18999,58,-0.913083744,Average Value,TRUE,FALSE,FALSE,Mediatek,Dimensity 6300,8,2.4,8,128,5800,45,128.89,Standard,6.67,120,50,8,2,Android v15
Samsung,Galaxy S26 Plus,Flagship,109999,79,-0.535145203,Average Value,TRUE,TRUE,FALSE,Samsung,Exynos 2600,10,3.8,12,256,4900,45,108.89,Standard,6.7,120,50,12,3,Android v16
Apple,iPhone 16 Plus,Flagship,89900,70,-1.609441186,Overpriced,TRUE,TRUE,FALSE,Apple,Bionic A18,6,4.04,8,256,4674,90,51.93,Super Fast,6.7,60,48,12,2,iOS v18
Realme,GT 8,Premium,52990,81,0.90682839,Average Value,TRUE,TRUE,TRUE,Qualcomm,Snapdragon 8 Elite,8,4.32,12,256,7000,100,70,Super Fast,6.79,144,50,16,3,Android v16
Realme,Narzo 70 Turbo 5G,Mid-Range,16999,59,-0.739121403,Average Value,TRUE,FALSE,FALSE,Mediatek,Dimensity 7300 Energy,8,2.5,6,128,5000,45,111.11,Standard,6.67,120,50,16,2,Android v14
Realme,14 5G,Mid-Range,21990,61,-0.391196721,Average Value,TRUE,FALSE,FALSE,Qualcomm,Snapdragon 6 Gen 4,8,2.3,12,256,6000,45,133.33,Standard,6.67,120,50,16,1,Android v15
Oneplus,Ace 5,Mid-Range,26990,75,2.044276051,Performance Beast,TRUE,TRUE,TRUE,Qualcomm,Snapdragon 8 Gen 3,8,3.3,12,256,6415,80,80.19,Standard,6.78,120,50,16,3,Android v15
Iqoo,Z9s Pro 5G,Mid-Range,24999,64,0.130690301,Average Value,TRUE,FALSE,FALSE,Qualcomm,Snapdragon 7 Gen 3,8,2.63,8,128,5500,80,68.75,Standard,6.77,120,50,16,2,Android v14
Samsung,Galaxy F06 5G,Budget,11880,49,-0.40286413,Average Value,TRUE,FALSE,FALSE,Mediatek,Dimensity 6300,8,2.4,4,128,5000,25,200,Slow Charging,6.7,120,50,8,2,Android v15
Vivo,T3 Lite 5G,Mid-Range,15490,54,-1.608933108,Overpriced,TRUE,FALSE,FALSE,Mediatek,Dimensity 6300,8,2.4,6,128,5000,15,333.33,Slow Charging,6.56,90,50,8,2,Android v14
Realme,C61,Budget,8199,46,-0.923409253,Average Value,FALSE,FALSE,FALSE,Unisoc,Unisoc T612,8,1.8,6,128,5000,18,277.78,Slow Charging,6.74,90,32,5,1,Android v14
Oneplus,Nord CE 4 Lite 5G,Mid-Range,23899,64,0.130690301,Average Value,TRUE,FALSE,FALSE,Qualcomm,Snapdragon 695,8,2.2,8,256,5500,80,68.75,Standard,6.67,120,50,16,2,Android v14
Oppo,Reno 13 Pro 5G,Premium,44999,79,0.594476389,Average Value,TRUE,TRUE,TRUE,Mediatek,Dimensity 8350,8,3.35,12,256,5800,80,72.5,Standard,6.83,120,50,50,3,Android v15
Xiaomi,Redmi K90,Premium,35990,76,0.125948388,Average Value,TRUE,TRUE,TRUE,Qualcomm,Snapdragon 8 Elite,8,4.32,12,256,7100,100,71,Super Fast,6.59,120,50,20,3,Android v16
Realme,12X,Budget,12499,55,0.638226116,Average Value,TRUE,FALSE,FALSE,Mediatek,Dimensity 6100 Plus,8,2.2,6,128,5000,45,111.11,Standard,6.72,120,50,8,2,Android v14
Realme,12X 5G,Budget,13499,55,0.638226116,Average Value,TRUE,FALSE,FALSE,Mediatek,Dimensity 6100 Plus,8,2.2,8,128,5000,45,111.11,Standard,6.72,120,50,8,2,Android v14
Infinix,GT 20 Pro,Mid-Range,24999,71,1.348426688,Value King,TRUE,TRUE,TRUE,Mediatek,Dimensity 8200 Ultimate,8,3.1,8,256,5000,45,111.11,Standard,6.78,144,108,32,3,Android v14
Motorola,Moto G34 5G,Budget,14999,55,0.638226116,Average Value,TRUE,FALSE,FALSE,Qualcomm,Snapdragon 695,8,2.2,8,128,5000,18,277.78,Slow Charging,6.5,120,50,16,2,Android v14
Poco,M6 Pro 5G,Budget,14999,54,0.464711075,Average Value,TRUE,FALSE,TRUE,Qualcomm,Snapdragon 4 Gen 2,8,2.2,8,256,5000,18,277.78,Slow Charging,6.79,90,50,8,2,Android v13
Infinix,Smart 8,Budget,7299,48,-0.576379171,Average Value,FALSE,FALSE,FALSE,Mediatek,Helio G36,8,2.2,4,64,5000,10,500,Slow Charging,6.6,90,50,8,2,Android v13
Motorola,Edge 50 Pro 5G,Mid-Range,27999,74,1.87031371,Value King,TRUE,TRUE,FALSE,Qualcomm,Snapdragon 7 Gen 3,8,2.63,8,256,4500,68,66.18,Standard,6.7,144,50,50,3,Android v14
Vivo,T3x 5G,Mid-Range,17499,55,-1.434970767,Overpriced,TRUE,FALSE,FALSE,Qualcomm,Snapdragon 6 Gen 1,8,2.2,4,128,6000,44,136.36,Standard,6.72,120,50,8,2,Android v14
Poco,X5 Pro,Mid-Range,19349,64,0.130690301,Average Value,TRUE,FALSE,TRUE,Qualcomm,Snapdragon 778G,8,2.4,8,256,5000,67,74.63,Standard,6.67,120,108,16,3,Android v12
Oneplus,11,Premium,38998,75,-0.030227613,Average Value,TRUE,TRUE,FALSE,Qualcomm,Snapdragon 8 Gen 2,8,3.2,16,256,5000,100,50,Super Fast,6.7,120,50,16,3,Android v13
Xiaomi,14,Flagship,64999,88,0.53915078,Average Value,TRUE,TRUE,TRUE,Qualcomm,Snapdragon 8 Gen 3,8,3.3,12,512,4610,90,51.22,Super Fast,6.36,120,50,32,3,Android v14
Google,Pixel 8 Pro,Flagship,79999,74,-1.131976304,Overpriced,TRUE,TRUE,FALSE,Google,Tensor G3,9,3,12,128,5050,30,168.33,Standard,6.7,120,50,10,3,Android v14
Samsung,Galaxy A82 5G,Premium,39990,67,-1.279635617,Overpriced,TRUE,TRUE,FALSE,Qualcomm,Snapdragon 855+,8,2.96,6,128,4500,25,180,Slow Charging,6.71,120,64,10,3,Android v11
Samsung,Galaxy F70 Pro 5G,Premium,32999,63,-1.90433962,Overpriced,TRUE,FALSE,FALSE,Samsung,Exynos,8,3.2,8,128,6000,45,133.33,Standard,6.74,120,50,32,2,Android v16
Vivo,V80 Elite 5G,Premium,52990,86,1.687708393,Value King,TRUE,TRUE,TRUE,Qualcomm,Snapdragon 8s Gen 4,8,3.2,8,256,7000,100,70,Super Fast,6.67,144,50,50,3,Android v17
Vivo,Y21 5G,Mid-Range,20999,59,-0.739121403,Average Value,TRUE,TRUE,TRUE,Mediatek,Dimensity 6300,8,2.4,6,128,6500,44,147.73,Standard,6.74,120,50,5,2,Android v16
Samsung,Galaxy A37 5G,Premium,52999,70,-0.811107616,Average Value,TRUE,TRUE,FALSE,Samsung,Exynos 1480,8,2.7,12,256,5000,45,111.11,Standard,6.7,120,50,12,3,Android v16
Honor,Magic 9 Pro,Flagship,109990,88,0.53915078,Average Value,TRUE,TRUE,TRUE,Mediatek,Dimensity 8100,8,2.85,12,512,7500,100,75,Super Fast,6.85,120,200,50,3,Android v17
Oppo,Reno 15 5G,Premium,53999,81,0.90682839,Average Value,TRUE,FALSE,TRUE,Qualcomm,Snapdragon 7 Gen 4,8,2.8,12,512,6500,80,81.25,Standard,6.59,120,50,50,3,Android v16
Realme,16 Pro Plus 5G,Premium,51999,83,1.219180391,Value King,TRUE,TRUE,TRUE,Qualcomm,Snapdragon 7 Gen 4,8,2.8,12,512,7000,80,87.5,Standard,6.8,144,200,50,3,Android v16
Xiaomi,Redmi 15C 5G,Mid-Range,16999,58,-0.913083744,Average Value,TRUE,FALSE,FALSE,Mediatek,Dimensity 6300,8,2.4,8,128,6000,33,181.82,Standard,6.9,120,50,8,2,Android v15
Motorola,Edge 70 Ultra,Flagship,89990,86,0.30041834,Average Value,TRUE,TRUE,FALSE,Qualcomm,Snapdragon 8 Gen 5,8,3.8,12,512,7000,120,58.33,Super Fast,6.7,120,50,60,4,Android v15
Oppo,Find X9s Pro,Flagship,79990,86,0.30041834,Average Value,TRUE,TRUE,TRUE,Mediatek,Dimensity 9500s,8,3.73,16,512,7800,80,97.5,Standard,6.78,120,200,32,3,Android v16
Oppo,Find X9 5G,Flagship,84999,90,0.777883221,Average Value,TRUE,TRUE,TRUE,Mediatek,Dimensity 9500,8,4.21,16,512,7025,80,87.81,Standard,6.59,120,50,32,3,Android v16
Samsung,Galaxy F17 5G,Mid-Range,19283,59,-0.739121403,Average Value,TRUE,TRUE,FALSE,Samsung,Exynos 1330,8,2.4,8,128,5000,25,200,Slow Charging,6.7,90,50,13,3,Android v15
Honor,500,Premium,39990,76,0.125948388,Average Value,TRUE,TRUE,TRUE,Qualcomm,Snapdragon 8s Gen 4,8,3.2,12,256,8000,80,100,Standard,6.55,120,200,50,2,Android v16
Poco,M8 Plus 5G,Budget,13999,57,0.985256198,Average Value,TRUE,FALSE,TRUE,Qualcomm,Snapdragon 6s Gen 4,8,2.4,6,128,7500,44,170.45,Standard,6.92,144,50,16,2,Android v16
Realme,15x 5G,Mid-Range,19998,62,-0.21723438,Average Value,TRUE,FALSE,FALSE,Mediatek,Dimensity 6300,8,2.4,8,128,7000,60,116.67,Standard,6.81,144,50,50,2,Android v15
Realme,15x 5G,Mid-Range,21999,63,-0.04327204,Average Value,TRUE,FALSE,FALSE,Mediatek,Dimensity 6300,8,2.4,8,256,7000,60,116.67,Standard,6.81,144,50,50,2,Android v15
Motorola,Moto X70 Air,Mid-Range,29990,76,2.218238392,Performance Beast,TRUE,TRUE,FALSE,Qualcomm,Snapdragon 7 Gen 4,8,2.8,12,256,4800,68,70.59,Standard,6.7,120,50,50,2,Android v16
Apple,iPhone 17 Pro,Flagship,149990,74,-1.131976304,Overpriced,TRUE,TRUE,FALSE,Apple,Apple A19 Pro,6,4.04,12,512,3988,90,44.31,Super Fast,6.3,120,48,18,3,iOS v19
Samsung,Galaxy S25 FE,Flagship,71490,80,-0.415778982,Average Value,TRUE,TRUE,FALSE,Samsung,Exynos 2400,10,3.2,8,512,4900,45,108.89,Standard,6.7,120,50,12,3,Android v16
Realme,15T,Mid-Range,24999,67,0.652577324,Average Value,TRUE,FALSE,TRUE,Mediatek,Dimensity 6400 Max,8,2.5,8,256,7000,60,116.67,Standard,6.57,120,50,50,2,Android v15
Infinix,Note 60x,Budget,12990,57,0.985256198,Average Value,TRUE,FALSE,TRUE,Mediatek,Dimensity 7400,8,2.6,6,128,6000,45,133.33,Standard,6.67,120,50,16,2,Android v16
Infinix,HOT 70,Budget,12990,59,1.332286281,Value King,TRUE,FALSE,FALSE,Mediatek,Dimensity 7050,8,2.6,6,128,5800,33,175.76,Standard,6.78,120,50,16,2,Android v16
Vivo,T4R 5G,Mid-Range,25840,67,0.652577324,Average Value,TRUE,FALSE,FALSE,Mediatek,Dimensity 7400,8,2.6,12,256,5700,44,129.55,Standard,6.77,120,50,32,2,Android v15
Realme,C71,Budget,10999,44,-1.270439335,Overpriced,FALSE,FALSE,FALSE,Unisoc,Unisoc UMS9230E,8,1.8,6,128,6300,15,420,Slow Charging,6.75,90,13,5,1,Android v15
Ai+,Nova 5G,Budget,12999,53,0.291196034,Average Value,TRUE,FALSE,FALSE,Unisoc,Unisoc T8200,8,2.3,8,128,5000,18,277.78,Slow Charging,6.75,120,50,5,2,Android v15
Oppo,Reno 14 5G,Premium,47999,79,0.594476389,Average Value,TRUE,FALSE,TRUE,Mediatek,Dimensity 8350,8,3.35,12,512,6000,80,75,Standard,6.59,120,50,50,3,Android v15
Ai+,Pulse,Budget,8499,45,-1.096924294,Overpriced,FALSE,FALSE,FALSE,Unisoc,Unisoc T615,8,1.8,4,64,5000,10,500,Slow Charging,6.75,90,50,5,1,Android v15
Realme,Neo 7 Turbo,Mid-Range,26990,76,2.218238392,Performance Beast,TRUE,TRUE,TRUE,Mediatek,Dimensity 9400e,8,3.4,16,256,7200,100,72,Super Fast,6.8,144,50,16,2,Android v15
Realme,GT 10000 mAh,Premium,34990,75,-0.030227613,Average Value,TRUE,TRUE,TRUE,Unknown,Octa Core Processor,8,3.2,8,256,10000,320,31.25,Super Fast,6.8,144,50,32,2,Android v15
Samsung,Galaxy F56 5G,Premium,32542,66,-1.435811618,Overpriced,TRUE,FALSE,FALSE,Samsung,Exynos 1480,8,2.7,8,256,5000,45,111.11,Standard,6.74,120,50,12,3,Android v15
Realme,P1 Speed 5G,Mid-Range,17999,63,-0.04327204,Average Value,TRUE,FALSE,FALSE,Mediatek,Dimensity 7300 E,8,2.5,8,256,5000,45,111.11,Standard,6.67,120,50,16,2,Android v14
Realme,Narzo 80 Pro 5G,Mid-Range,23999,66,0.478614983,Average Value,TRUE,FALSE,FALSE,Mediatek,Dimensity 7400,8,2.6,12,256,6000,80,75,Standard,6.72,120,50,16,2,Android v15
Nothing,Phone 3a Pro,Premium,34999,68,-1.123459617,Overpriced,TRUE,TRUE,FALSE,Qualcomm,Snapdragon 7s Gen 3,8,2.5,12,256,5000,50,100,Standard,6.77,120,50,50,3,Android v15
Samsung,Galaxy M06,Budget,13499,49,-0.40286413,Average Value,TRUE,FALSE,FALSE,Mediatek,Dimensity 6300,8,2.4,6,128,5000,25,200,Slow Charging,6.74,90,50,8,2,Android v15
Realme,P3 Pro 5G,Mid-Range,23999,66,0.478614983,Average Value,TRUE,FALSE,FALSE,Qualcomm,Snapdragon 7s Gen 3,8,2.5,12,256,6000,80,75,Standard,6.83,120,50,16,2,Android v15
Realme,P3 Pro 5G,Mid-Range,21999,64,0.130690301,Average Value,TRUE,FALSE,FALSE,Qualcomm,Snapdragon 7s Gen 3,8,2.5,8,256,6000,80,75,Standard,6.83,120,50,16,2,Android v15
Vivo,X300 Pro Mini,Premium,59990,81,0.90682839,Average Value,TRUE,TRUE,TRUE,Mediatek,Dimensity 9500,8,4.21,12,256,5800,100,58,Super Fast,6.3,120,50,50,3,Android v16
Samsung,Galaxy S25 Edge,Flagship,79999,81,-0.296412762,Average Value,TRUE,TRUE,FALSE,Qualcomm,Snapdragon 8 Elite,8,4.47,12,256,3900,25,156,Slow Charging,6.7,120,200,12,2,Android v15
Oppo,Reno 13 5G,Premium,37998,72,-0.498755615,Average Value,TRUE,TRUE,TRUE,Mediatek,Dimensity 8350,8,3.35,8,256,5600,80,70,Standard,6.59,120,50,50,3,Android v15
Motorola,Moto G06,Budget,7999,49,-0.40286413,Average Value,FALSE,TRUE,FALSE,Mediatek,Helio G81 Ultra,8,2,4,64,5200,10,520,Slow Charging,6.88,120,50,8,1,Android v15
Itel,Zeno 10,Budget,5999,36,-2.658559664,Overpriced,FALSE,FALSE,FALSE,Unisoc,Unisoc T603,8,1.8,3,64,5000,18,277.78,Slow Charging,6.6,120,8,5,2,Android v14
Xiaomi,Redmi Note 14,Mid-Range,16999,62,-0.21723438,Average Value,TRUE,FALSE,TRUE,Mediatek,Dimensity 7025 Ultra,8,2.5,8,128,5110,45,113.56,Standard,6.67,120,50,20,3,Android v14
Realme,C75,Budget,9990,52,0.117680993,Average Value,FALSE,TRUE,FALSE,Mediatek,Helio G92 Max,8,2,8,128,6000,45,133.33,Standard,6.72,120,50,8,2,Android v14
Samsung,Galaxy A16 5G,Mid-Range,15999,55,-1.434970767,Overpriced,TRUE,TRUE,FALSE,Mediatek,Dimensity 6300,8,2.4,6,128,5000,25,200,Slow Charging,6.7,90,50,13,3,Android v14
Motorola,Moto G77 5G,Mid-Range,29990,67,0.652577324,Average Value,TRUE,TRUE,FALSE,Mediatek,Dimensity 6400,8,2.5,8,128,5200,30,173.33,Standard,6.78,120,108,32,2,Android v16
Asus,ROG Phone 9 Pro,Flagship,101990,84,0.061685899,Average Value,TRUE,TRUE,FALSE,Qualcomm,Snapdragon 8 Elite,8,4.32,16,512,5800,65,89.23,Standard,6.78,185,50,32,3,Android v15
Vivo,Y03t,Budget,6499,39,-2.138014541,Overpriced,FALSE,FALSE,FALSE,Unisoc,Unisoc T612,8,1.8,4,64,5000,15,333.33,Slow Charging,6.56,90,13,5,2,Android v14
Oppo,F29,Mid-Range,21999,61,-0.391196721,Average Value,TRUE,FALSE,FALSE,Qualcomm,Snapdragon 6 Gen 1,8,2.2,8,128,6500,45,144.44,Standard,6.7,120,50,16,2,Android v15
Vivo,V50 Pro 5G,Premium,54990,77,0.282124388,Average Value,TRUE,FALSE,FALSE,Mediatek,Dimensity 9300,8,3.25,8,256,5700,100,57,Super Fast,6.8,144,50,50,4,Android v15
Realme,14 Pro 5G,Mid-Range,24990,62,-0.21723438,Average Value,TRUE,FALSE,FALSE,Mediatek,Dimensity 7300 Energy,8,2.5,8,128,6000,45,133.33,Standard,6.77,120,50,16,2,Android v15
Vivo,Y28s 5G,Budget,14499,53,0.291196034,Average Value,TRUE,FALSE,FALSE,Mediatek,Dimensity 6300,8,2.4,6,128,5000,15,333.33,Slow Charging,6.56,90,50,8,2,Android v14
Cmf,Phone 1,Mid-Range,17999,58,-0.913083744,Average Value,TRUE,FALSE,FALSE,Mediatek,Dimensity 7300,8,2.5,8,128,5000,33,151.52,Standard,6.67,120,50,16,2,Android v14
Samsung,Galaxy A06s,Budget,9999,49,-0.40286413,Average Value,TRUE,FALSE,FALSE,Samsung,Octa Core Processor,8,2.3,4,128,5000,25,200,Slow Charging,6.7,90,50,8,2,Android v15
Oppo,F27 Pro Plus 5G,Mid-Range,25990,64,0.130690301,Average Value,TRUE,FALSE,FALSE,Mediatek,Dimensity 7050,8,2.6,8,256,5000,67,74.63,Standard,6.7,120,64,8,2,Android v14
Realme,GT 6T,Mid-Range,26099,68,0.826539665,Average Value,TRUE,TRUE,TRUE,Qualcomm,Snapdragon 7+ Gen 3,8,2.8,8,128,5500,120,45.83,Super Fast,6.78,120,50,32,2,Android v14
Oppo,A3 Pro 5G,Mid-Range,16999,55,-1.434970767,Overpriced,TRUE,FALSE,FALSE,Mediatek,Dimensity 6300,8,2.4,8,128,5100,45,113.33,Standard,6.67,120,50,8,2,Android v14
Nubia,Neo 2,Mid-Range,18990,58,-0.913083744,Average Value,TRUE,TRUE,FALSE,Unisoc,Unisoc T820,8,2.7,8,256,6000,33,181.82,Standard,6.72,120,50,16,2,Android v13
Realme,12 Pro Plus 5G,Mid-Range,22999,64,0.130690301,Average Value,TRUE,FALSE,FALSE,Qualcomm,Snapdragon 7s Gen 2,8,2.4,8,256,5000,67,74.63,Standard,6.7,120,64,32,3,Android v14
Lava,Yuva 4,Budget,6699,44,-1.270439335,Overpriced,FALSE,FALSE,FALSE,Unisoc,unisoc T606,8,1.6,4,64,5000,10,500,Slow Charging,6.56,90,50,8,2,Android v14
Poco,X6 Neo,Mid-Range,15999,64,0.130690301,Average Value,TRUE,FALSE,TRUE,Mediatek,Dimensity 6080,8,2.4,8,128,5000,33,151.52,Standard,6.67,120,108,16,2,Android v13
Nubia,Z60 Ultra,Premium,52990,76,0.125948388,Average Value,TRUE,TRUE,TRUE,Qualcomm,Snapdragon 8 Gen 3,8,3.3,8,256,6000,80,75,Standard,6.8,120,64,16,3,Android v14
Samsung,Galaxy Z Fold 6,Flagship,139499,88,0.53915078,Average Value,TRUE,TRUE,FALSE,Qualcomm,Snapdragon 8 Gen 3,8,3.39,12,256,4400,25,176,Slow Charging,7.6,120,50,32,2,Android v14
Infinix,Note 30 5G,Mid-Range,15999,62,-0.21723438,Average Value,TRUE,TRUE,FALSE,Mediatek,Dimensity 6080,8,2.4,8,256,5000,45,111.11,Standard,6.78,120,108,16,3,Android v13
Realme,C53,Budget,8994,52,0.117680993,Average Value,FALSE,FALSE,FALSE,Unisoc,Tiger T612,8,1.82,4,128,5000,18,277.78,Slow Charging,6.74,90,108,8,2,Android v13
Samsung,Galaxy A34 5G,Mid-Range,24999,63,-0.04327204,Average Value,TRUE,TRUE,FALSE,Mediatek,Dimensity 1080,8,2.6,8,128,5000,25,200,Slow Charging,6.6,120,48,13,3,Android v13
Tesla,Pi Phone,Flagship,69999,80,-0.415778982,Average Value,TRUE,TRUE,FALSE,Qualcomm,Snapdragon 870,8,3.2,16,512,5000,120,41.67,Super Fast,6.73,165,50,32,3,Android v16
Vivo,V29,Premium,31800,64,-1.748163619,Overpriced,TRUE,FALSE,FALSE,Qualcomm,Snapdragon 778G,8,2.4,8,128,4600,80,57.5,Standard,6.78,120,50,50,3,Android v13
Vivo,X90 Pro 5G,Premium,54990,80,0.75065239,Average Value,TRUE,TRUE,TRUE,Mediatek,Dimensity 9200,8,3.05,12,256,4870,120,40.58,Super Fast,6.78,120,50,32,3,Android v13
Samsung,Galaxy A54 5G,Premium,41999,68,-1.123459617,Overpriced,TRUE,TRUE,FALSE,Samsung,Exynos 1380,8,2.4,8,128,5000,25,200,Slow Charging,6.4,120,50,32,3,Android v13
Oneplus,10 Pro 5G,Premium,39999,74,-0.186403614,Average Value,TRUE,TRUE,FALSE,Qualcomm,Snapdragon 8 Gen 1,8,3,8,128,5000,80,62.5,Standard,6.7,120,50,32,3,Android v12
Samsung,Galaxy S22 5G,Flagship,85999,74,-1.131976304,Overpriced,TRUE,TRUE,FALSE,Qualcomm,Snapdragon 8 Gen 1,8,3,8,128,3700,25,148,Slow Charging,6.1,120,50,10,3,Android v12
Motorola,Moto G60,Budget,14999,58,1.15877124,Value King,FALSE,TRUE,FALSE,Qualcomm,Snapdragon 732G,8,2.3,6,128,6000,20,300,Slow Charging,6.78,120,108,32,3,Android v11
Oppo,K14 5G,Mid-Range,21999,62,-0.21723438,Average Value,TRUE,TRUE,TRUE,Mediatek,Dimensity 6300,8,2.4,6,256,7000,45,155.56,Standard,6.75,120,50,8,2,Android v15
Honor,X80 GT,Premium,30990,64,-1.748163619,Overpriced,TRUE,TRUE,TRUE,Qualcomm,Snapdragon 8 Gen 3,8,2.3,8,256,13080,80,163.5,Standard,6.79,120,50,16,2,Android v16
Oneplus,17,Flagship,99990,90,0.777883221,Average Value,TRUE,TRUE,TRUE,Qualcomm,Octa Core Processor,8,4.04,12,256,10001,120,83.34,Super Fast,6.82,240,200,50,3,Android v17
Honor,Play 80 Pro,Mid-Range,27990,55,-1.434970767,Overpriced,TRUE,TRUE,FALSE,Qualcomm,Snapdragon 6s Gen 3,8,2.3,6,256,7000,45,155.56,Standard,6.8,120,50,5,1,Android v15
Apple,iPhone 18e,Flagship,69990,62,-2.564370948,Overpriced,TRUE,TRUE,FALSE,Apple,Apple A20,6,4.04,12,256,4000,90,44.44,Super Fast,6.1,60,50,32,1,iOS v20
Xiaomi,18 Ultra,Flagship,119990,94,1.255348103,Value King,TRUE,TRUE,TRUE,Qualcomm,Snapdragon 8 Elite Gen 6,8,4.04,16,512,7000,100,70,Super Fast,6.9,120,200,50,3,Android v17
Realme,C83 5G,Mid-Range,18499,53,-1.782895449,Overpriced,TRUE,FALSE,FALSE,Mediatek,Dimensity 6300,8,2.4,6,128,7000,15,466.67,Slow Charging,6.8,144,13,5,1,Android v16
Infinix,Note Edge 5G,Mid-Range,26999,67,0.652577324,Average Value,TRUE,TRUE,TRUE,Mediatek,Dimensity 7100,8,2.4,8,256,6500,45,144.44,Standard,6.78,120,50,13,2,Android v16
Tecno,Camon 50 4G,Mid-Range,24990,57,-1.087046085,Overpriced,FALSE,TRUE,TRUE,Mediatek,Helio G200,8,2.2,8,256,6150,45,136.67,Standard,6.78,144,50,32,2,Android v16
Tecno,Camon 50 Pro 4G,Mid-Range,29990,61,-0.391196721,Average Value,FALSE,TRUE,TRUE,Mediatek,Helio G200,8,2.2,8,256,6150,45,136.67,Standard,6.78,144,50,32,3,Android v16
Oppo,K14 Turbo,Premium,30990,70,-0.811107616,Average Value,TRUE,TRUE,TRUE,Mediatek,Dimensity 8500,8,3.4,8,128,7400,80,92.5,Standard,6.6,120,50,16,2,Android v16
Oppo,A6c,Budget,11990,48,-0.576379171,Average Value,FALSE,FALSE,FALSE,Qualcomm,Snapdragon 685,8,2.8,6,128,6500,45,144.44,Standard,6.75,120,13,5,1,Android v15
Lava,Blaze Duo 3 5G,Mid-Range,17999,59,-0.739121403,Average Value,TRUE,FALSE,TRUE,Mediatek,Dimensity 7060,8,2.6,6,128,5000,33,151.52,Standard,6.67,120,50,8,2,Android v15
Poco,M8 5G,Mid-Range,18899,62,-0.21723438,Average Value,TRUE,FALSE,TRUE,Qualcomm,Snapdragon 6 Gen 3,8,2.4,8,128,5520,45,122.67,Standard,6.77,120,50,20,2,Android v15
Realme,16 Pro Plus 5G,Premium,45999,81,0.90682839,Average Value,TRUE,TRUE,TRUE,Qualcomm,Snapdragon 7 Gen 4,8,2.8,8,256,7000,80,87.5,Standard,6.8,144,200,50,3,Android v16
Xiaomi,Redmi Turbo 5 Pro,Premium,34990,74,-0.186403614,Average Value,TRUE,TRUE,TRUE,Mediatek,Dimensity 9500e,8,3.2,12,256,9000,100,90,Super Fast,6.7,120,50,32,2,Android v16
Poco,C85 5G,Mid-Range,15990,58,-0.913083744,Average Value,TRUE,TRUE,FALSE,Mediatek,Dimensity 6300,8,2.4,8,128,6000,33,181.82,Standard,6.9,120,50,8,2,Android v15
Huawei,Mate 80 Pro Max,Flagship,109990,80,-0.415778982,Average Value,TRUE,TRUE,TRUE,Hisilicon,Kirin 9030,8,4.04,16,512,6000,100,60,Super Fast,6.9,120,50,13,4,HarmonyOS v6
Oneplus,Ace 6T,Premium,34990,75,-0.030227613,Average Value,TRUE,TRUE,TRUE,Qualcomm,Snapdragon 8 Gen 5,8,3.84,12,256,8300,100,83,Super Fast,6.83,165,50,16,2,Android v16
Oppo,K13s,Mid-Range,19990,58,-0.913083744,Average Value,TRUE,TRUE,TRUE,Qualcomm,Snapdragon 7 Gen 3,8,2.63,8,256,7000,56,125,Standard,6.8,120,50,32,2,Android v15
Hmd,Vibe 5G,Budget,9999,48,-0.576379171,Average Value,TRUE,FALSE,FALSE,Unisoc,Unisoc T760,8,2.2,4,128,5000,18,277.78,Slow Charging,6.67,90,50,8,2,Android v15
Oppo,F31 Pro 5G,Mid-Range,29999,67,0.652577324,Average Value,TRUE,FALSE,FALSE,Mediatek,Dimensity 7300 Energy,8,2.5,8,256,7000,80,87.5,Standard,6.57,120,50,32,2,Android v15
Honor,Play 10C,Budget,7999,45,-1.096924294,Overpriced,TRUE,FALSE,FALSE,Mediatek,Dimensity 6300,8,2.4,4,128,6000,15,400,Slow Charging,6.61,120,13,5,1,Android v15
Infinix,GT 30 5G,Mid-Range,20999,66,0.478614983,Average Value,TRUE,FALSE,TRUE,Mediatek,Dimensity 7400,8,2.6,8,256,5500,45,122.22,Standard,6.78,144,64,13,2,Android v15
Vivo,Y400 5G,Mid-Range,27999,64,0.130690301,Average Value,TRUE,FALSE,FALSE,Qualcomm,Snapdragon 4 Gen 2,8,2.2,8,256,6000,90,66.67,Super Fast,6.67,120,50,32,2,Android v15
Xiaomi,16 Pro Max,Flagship,72999,85,0.181052119,Average Value,TRUE,TRUE,TRUE,Qualcomm,Octa Core Processor,8,4.04,16,512,7500,100,75,Super Fast,6.85,120,50,32,3,Android v16
Oppo,A5x 5G,Mid-Range,16990,53,-1.782895449,Overpriced,TRUE,FALSE,FALSE,Mediatek,Dimensity 6300,8,2.4,6,128,6000,45,133.33,Standard,6.67,120,32,5,1,Android v15
Samsung,Galaxy F36 5G,Mid-Range,20999,63,-0.04327204,Average Value,TRUE,TRUE,FALSE,Samsung,Exynos 1380,8,2.4,8,128,5000,25,200,Slow Charging,6.7,120,50,13,3,Android v15
Iqoo,Z10 Lite 5G,Mid-Range,16999,54,-1.608933108,Overpriced,TRUE,FALSE,FALSE,Mediatek,Dimensity 6300,8,2.4,8,256,6000,15,400,Slow Charging,6.74,90,50,5,2,Android v15
Honor,X70,Mid-Range,16999,62,-0.21723438,Average Value,TRUE,TRUE,TRUE,Qualcomm,Snapdragon 6 Gen 4,8,2.3,8,128,8300,80,103.75,Standard,6.79,120,50,8,1,Android v15
Realme,Narzo 80 Lite,Budget,14479,53,0.291196034,Average Value,TRUE,FALSE,FALSE,Mediatek,Dimensity 6300,8,2.4,6,128,6000,15,400,Slow Charging,6.67,120,32,8,2,Android v15
Lava,Storm Lite 5G,Budget,10499,49,-0.40286413,Average Value,TRUE,FALSE,FALSE,Mediatek,Dimensity 6400,8,2.5,4,128,5000,10,500,Slow Charging,6.75,120,50,5,2,Android v15
Motorola,Razr 70,Premium,59990,83,1.219180391,Value King,TRUE,TRUE,FALSE,Qualcomm,Snapdragon 8s Elite,8,3.2,8,256,5000,33,151.52,Standard,6.9,120,50,32,2,Android v16
Tecno,Pova Curve 5G,Mid-Range,18999,63,-0.04327204,Average Value,TRUE,TRUE,TRUE,Mediatek,Dimensity 7300 Ultimate,8,2.5,8,128,5500,45,122.22,Standard,6.78,144,64,13,2,Android v15
Realme,GT 7T,Premium,41999,80,0.75065239,Average Value,TRUE,TRUE,TRUE,Mediatek,Dimensity 8400 Max,8,3.25,12,512,7000,120,58.33,Super Fast,6.8,120,50,32,2,Android v15
Vivo,Y29t 5G,Budget,12999,49,-0.40286413,Average Value,TRUE,FALSE,FALSE,Mediatek,Octa Core Processor,8,2.3,6,128,5500,45,122.22,Standard,6.68,120,50,8,2,Android v15
Itel,Zeno 5G,Budget,9999,53,0.291196034,Average Value,TRUE,FALSE,TRUE,Mediatek,Dimensity 6300,8,2.4,4,128,5000,18,277.78,Slow Charging,6.67,120,50,8,2,Android v14
Iqoo,Z10x 5G,Mid-Range,18998,58,-0.913083744,Average Value,TRUE,FALSE,TRUE,Mediatek,Dimensity 7300,8,2.5,8,128,6500,44,147.73,Standard,6.72,120,50,8,2,Android v15
Lava,Bold 5G,Mid-Range,16999,61,-0.391196721,Average Value,TRUE,FALSE,FALSE,Mediatek,Dimensity 6300,8,2.4,6,128,5000,33,151.52,Standard,6.67,120,64,16,2,Android v14
Vivo,S30,Premium,31990,74,-0.186403614,Average Value,TRUE,TRUE,TRUE,Qualcomm,Snapdragon 7 Gen 4,8,2.8,12,256,6500,90,72.22,Super Fast,6.67,120,50,50,3,Android v15
Vivo,Y40,Mid-Range,19999,55,-1.434970767,Overpriced,TRUE,FALSE,FALSE,Mediatek,Octa Core Processor,8,2.5,8,128,7300,44,165.91,Standard,6.68,120,50,32,2,Android v16
Samsung,Galaxy S25,Flagship,74999,77,-0.773877643,Average Value,TRUE,TRUE,FALSE,Qualcomm,Snapdragon 8 Elite,8,4.47,12,128,4000,25,160,Slow Charging,6.2,120,50,12,3,Android v15
Samsung,Galaxy A36 5G,Premium,38499,67,-1.279635617,Overpriced,TRUE,TRUE,FALSE,Qualcomm,Snapdragon 6 Gen 3,8,2.4,12,256,5000,45,111.11,Standard,6.7,120,50,12,3,Android v15
Samsung,Galaxy A56 5G,Premium,47999,67,-1.279635617,Overpriced,TRUE,TRUE,FALSE,Samsung,Exynos 1580,8,2.9,12,256,5000,45,111.11,Standard,6.7,120,50,12,3,Android v15
Honor,400 Pro,Flagship,64990,81,-0.296412762,Average Value,TRUE,TRUE,TRUE,Qualcomm,Snapdragon 8 Gen 3,8,3.3,12,256,6000,100,60,Super Fast,6.7,120,200,50,3,Android v15
Realme,14T 5G,Mid-Range,17999,61,-0.391196721,Average Value,TRUE,FALSE,FALSE,Mediatek,Dimensity 6300,8,2.4,8,128,6000,45,133.33,Standard,6.67,120,50,16,2,Android v15
Poco,X7 Pro Iron Man Edition,Premium,34990,74,-0.186403614,Average Value,TRUE,TRUE,TRUE,Mediatek,Dimensity 8400 Ultra,8,3.25,12,512,6550,90,72.78,Super Fast,6.67,120,50,20,2,Android v15
Vivo,Y60,Mid-Range,22990,53,-1.782895449,Overpriced,TRUE,TRUE,FALSE,Qualcomm,Snapdragon 4 Gen 2,8,2.2,8,256,6500,15,433.33,Slow Charging,6.74,120,13,5,1,Android v15
Poco,X8 5G,Mid-Range,29990,66,0.478614983,Average Value,TRUE,FALSE,FALSE,Qualcomm,Octa Core Processor,8,2.5,8,256,5700,80,71.25,Standard,6.74,144,50,32,3,Android v16
Vivo,Y29 5G,Mid-Range,15499,54,-1.608933108,Overpriced,TRUE,FALSE,FALSE,Mediatek,Dimensity 6300,8,2.4,6,128,5500,44,125,Standard,6.68,120,50,8,2,Android v14
Vivo,X200,Flagship,60999,81,-0.296412762,Average Value,TRUE,TRUE,TRUE,Mediatek,Dimensity 9400,8,3.63,16,512,5800,90,64.44,Super Fast,6.67,120,50,32,3,Android v15
Xiaomi,Redmi A4 5G,Budget,11999,50,-0.229349089,Average Value,TRUE,FALSE,FALSE,Qualcomm,Snapdragon 4s Gen 2,8,2,4,128,5160,18,286.67,Slow Charging,6.88,120,50,5,2,Android v14
Vivo,X200 Pro Mini,Premium,55990,84,1.375356392,Value King,TRUE,TRUE,TRUE,Mediatek,Dimensity 9400,8,3.63,12,256,5700,90,63.33,Super Fast,6.31,120,50,32,3,Android v15
Motorola,Razr 60 5G,Premium,49999,81,0.90682839,Average Value,TRUE,TRUE,FALSE,Mediatek,Dimensity 7400X,8,2.6,8,256,4500,30,150,Standard,6.9,120,50,32,2,Android v16
Motorola,Moto G75 5G,Premium,32990,66,-1.435811618,Overpriced,TRUE,TRUE,FALSE,Qualcomm,Snapdragon 6 Gen 3,8,2.4,8,256,5000,30,166.67,Standard,6.78,120,50,16,2,Android v14
Iqoo,Z9s 5G,Mid-Range,25490,62,-0.21723438,Average Value,TRUE,FALSE,FALSE,Mediatek,Dimensity 7300,8,2.5,8,128,5500,44,125,Standard,6.77,120,50,16,2,Android v14
Hmd,Crest,Budget,10416,55,0.638226116,Average Value,TRUE,FALSE,FALSE,Unisoc,Unisoc T760,8,2.2,6,128,5000,33,151.52,Standard,6.67,90,50,50,2,Android v14
Oneplus,Nord 4 5G,Mid-Range,29942,70,1.174464347,Value King,TRUE,TRUE,TRUE,Qualcomm,Snapdragon 7+ Gen 3,8,2.8,12,256,5500,100,55,Super Fast,6.74,120,50,16,2,Android v14
Vivo,Y28e 5G,Budget,9999,49,-0.40286413,Average Value,TRUE,FALSE,FALSE,Mediatek,Dimensity 6300,8,2.4,4,64,5000,15,333.33,Slow Charging,6.56,90,13,5,2,Android v14
Oppo,A3x 5G,Budget,11499,48,-0.576379171,Average Value,TRUE,FALSE,FALSE,Mediatek,Dimensity 6300,8,2.4,4,128,5100,45,113.33,Standard,6.67,120,8,5,1,Android v14
Samsung,Galaxy Z Flip 7 5G,Flagship,95999,88,0.53915078,Average Value,TRUE,TRUE,FALSE,Samsung,Exynos 2500,10,3.3,12,256,4300,25,172,Slow Charging,6.9,120,50,32,2,Android v16
Realme,GT 6 5G,Premium,46480,79,0.594476389,Average Value,TRUE,TRUE,TRUE,Qualcomm,Snapdragon 8s Gen 3,8,3,12,256,5500,120,45.83,Super Fast,6.78,120,50,32,3,Android v14
Xiaomi,14 Civi,Premium,44999,75,-0.030227613,Average Value,TRUE,TRUE,TRUE,Qualcomm,Snapdragon 8s Gen 3,8,3,12,512,4700,67,70.15,Standard,6.55,120,50,32,3,Android v14
Poco,M6 Plus 5G,Budget,13499,58,1.15877124,Value King,TRUE,FALSE,TRUE,Qualcomm,Snapdragon 4 Gen 2 AE,8,2.3,6,128,5030,33,152.42,Standard,6.79,120,108,13,2,Android v14
Tecno,Camon 30 5G,Premium,31990,66,-1.435811618,Overpriced,TRUE,FALSE,TRUE,Mediatek,Dimensity 7020,8,2.2,12,512,5000,70,71.43,Standard,6.78,120,50,50,3,Android v14
Honor,200 Lite,Mid-Range,24999,58,-0.913083744,Average Value,TRUE,FALSE,FALSE,Mediatek,Dimensity 6080,8,2.4,8,256,4500,35,128.57,Standard,6.7,120,108,50,3,Android v14
Oppo,K15 Turbo Pro,Premium,45999,76,0.125948388,Average Value,TRUE,FALSE,TRUE,Mediatek,Dimensity 9500s,8,3.21,8,256,7800,80,97.5,Standard,6.78,165,200,16,2,Android v17
Oppo,A60 5G,Budget,14990,53,0.291196034,Average Value,TRUE,TRUE,FALSE,Mediatek,Dimensity 6300,8,2.4,6,128,5100,45,113.33,Standard,6.67,120,50,5,2,Android v14
Infinix,Hot 50 Pro,Mid-Range,15990,55,-1.434970767,Overpriced,FALSE,TRUE,FALSE,Mediatek,Helio G100,8,2.2,8,128,5000,33,151.52,Standard,6.78,120,50,8,3,Android v14
Iqoo,Neo 9 Pro 5G,Premium,37990,68,-1.123459617,Overpriced,TRUE,FALSE,TRUE,Qualcomm,Snapdragon 8 Gen 2,8,3.2,12,256,5160,120,43,Super Fast,6.78,144,50,16,2,Android v14
Samsung,Galaxy S24,Premium,49998,72,-0.498755615,Average Value,TRUE,TRUE,FALSE,Samsung,Exynos 2400,10,3.2,8,128,4000,25,160,Slow Charging,6.2,120,50,12,3,Android v14
Poco,X6 Pro 5G,Mid-Range,29999,71,1.348426688,Value King,TRUE,TRUE,TRUE,Mediatek,Dimensity 8300 Ultra,8,3.35,12,512,5000,67,74.63,Standard,6.67,120,64,16,3,Android v14
Oppo,Find X7 Ultra,Flagship,69990,83,-0.057680321,Average Value,TRUE,TRUE,TRUE,Qualcomm,Snapdragon 8 Gen 3,8,3.3,12,256,5000,100,50,Super Fast,6.82,120,50,32,4,Android v14
Vivo,S19 Pro,Premium,37990,74,-0.186403614,Average Value,TRUE,TRUE,TRUE,Mediatek,Dimensity 9200 Plus,8,3.35,8,256,5500,80,68.75,Standard,6.78,120,50,50,3,Android v14
Iqoo,12 5G,Premium,57699,79,0.594476389,Average Value,TRUE,TRUE,TRUE,Qualcomm,Snapdragon 8 Gen 3,8,3.3,16,512,5000,120,41.67,Super Fast,6.78,144,64,16,3,Android v14
Samsung,Galaxy A15 5G,Mid-Range,21499,57,-1.087046085,Overpriced,TRUE,FALSE,FALSE,Mediatek,Dimensity 6100 Plus,8,2.2,8,128,5000,25,200,Slow Charging,6.5,90,50,13,3,Android v14
Xiaomi,Redmi 13C 5G,Budget,9999,50,-0.229349089,Average Value,TRUE,FALSE,FALSE,Mediatek,Dimensity 6100 Plus,8,2.2,4,128,5000,18,277.78,Slow Charging,6.74,90,50,5,2,Android v13
Motorola,Edge 40 Neo,Mid-Range,22990,66,0.478614983,Average Value,TRUE,TRUE,FALSE,Mediatek,Dimensity 7030,8,2.5,12,256,5000,68,73.53,Standard,6.55,144,50,32,2,Android v13
Apple,iPhone 17 Plus,Flagship,99999,66,-2.086906067,Overpriced,TRUE,TRUE,FALSE,Apple,Apple A19,6,4.04,8,256,4500,90,50,Super Fast,6.7,60,50,32,1,iOS v19
Iqoo,Z9x,Mid-Range,17990,58,-0.913083744,Average Value,TRUE,FALSE,FALSE,Qualcomm,Snapdragon 6 Gen 1,8,2.2,4,128,6000,44,136.36,Standard,6.72,120,50,8,2,Android v14
Motorola,Moto G54 5G,Mid-Range,20999,61,-0.391196721,Average Value,TRUE,FALSE,FALSE,Mediatek,Dimensity 7020,8,2.2,12,256,6000,33,181.82,Standard,6.5,120,50,16,2,Android v13
Xiaomi,Redmi 12 5G,Budget,12494,53,0.291196034,Average Value,TRUE,FALSE,TRUE,Qualcomm,Snapdragon 4 Gen 2,8,2.2,6,128,5000,18,277.78,Slow Charging,6.79,90,50,8,2,Android v13
Poco,C65,Budget,8499,46,-0.923409253,Average Value,FALSE,FALSE,FALSE,Mediatek,Helio G85,8,2,4,128,5000,18,277.78,Slow Charging,6.74,90,50,8,3,Android v13
Nubia,Neo,Mid-Range,15990,54,-1.608933108,Overpriced,TRUE,TRUE,FALSE,Unisoc,Unisoc T820,8,2.7,8,256,4500,22,204.55,Slow Charging,6.6,120,50,8,2,Android v13
Vivo,V29e,Mid-Range,26999,64,0.130690301,Average Value,TRUE,TRUE,FALSE,Qualcomm,Snapdragon 695,8,2.2,8,128,5000,44,113.64,Standard,6.78,120,64,50,2,Android v13
Lava,Agni 3 5G,Mid-Range,20999,67,0.652577324,Average Value,TRUE,FALSE,FALSE,Mediatek,Dimensity 7300X,8,2.5,8,128,5000,66,75.76,Standard,6.78,120,50,16,3,Android v15
Samsung,Galaxy F15 5G,Budget,13499,53,0.291196034,Average Value,TRUE,FALSE,FALSE,Mediatek,Dimensity 6100 Plus,8,2.2,4,128,6000,25,240,Slow Charging,6.45,90,50,13,3,Android v14
Samsung,Galaxy F54,Premium,35999,68,-1.123459617,Overpriced,TRUE,TRUE,FALSE,Samsung,Exynos 1380,8,2.4,8,256,6000,25,240,Slow Charging,6.7,120,108,32,3,Android v13
Oneplus,11R,Premium,34991,70,-0.811107616,Average Value,TRUE,TRUE,TRUE,Qualcomm,Snapdragon 8+ Gen 1,8,3.2,16,256,5000,100,50,Super Fast,6.74,120,50,16,3,Android v13
Oppo,Find X6 Pro,Flagship,71990,80,-0.415778982,Average Value,TRUE,TRUE,TRUE,Qualcomm,Snapdragon 8 Gen 2,8,3.2,12,256,5000,100,50,Super Fast,6.82,120,50,32,3,Android v13
Samsung,Galaxy A14 5G,Mid-Range,18499,52,-1.95685779,Overpriced,TRUE,FALSE,FALSE,Samsung,Exynos 1330,8,2.4,4,64,5000,15,333.33,Slow Charging,6.6,90,50,13,3,Android v13
Motorola,Edge 40 5G,Mid-Range,29999,70,1.174464347,Value King,TRUE,TRUE,FALSE,Mediatek,Dimensity 8020,8,2.6,8,256,4400,68,64.71,Standard,6.55,144,50,32,2,Android v13
Samsung,Galaxy M34 5G,Mid-Range,21900,62,-0.21723438,Average Value,TRUE,TRUE,FALSE,Samsung,Exynos 1280,8,2.4,6,128,6000,25,240,Slow Charging,6.5,120,50,13,3,Android v13
Poco,X6 5G,Mid-Range,21999,63,-0.04327204,Average Value,TRUE,FALSE,TRUE,Qualcomm,Snapdragon 7s Gen 2,8,2.4,8,256,5100,67,76.12,Standard,6.67,120,64,16,3,Android v13
Iqoo,9 SE 5G,Mid-Range,27999,64,0.130690301,Average Value,TRUE,TRUE,FALSE,Qualcomm,Snapdragon 888,8,2.84,8,128,4500,66,68.18,Standard,6.62,120,48,16,3,Android v12
Oneplus,Nord 2T 5G,Mid-Range,28999,64,0.130690301,Average Value,TRUE,TRUE,FALSE,Mediatek,Dimensity 1300,8,3,8,128,4500,80,56.25,Standard,6.43,90,50,32,3,Android v12
Oneplus,10R 5G,Mid-Range,29999,63,-0.04327204,Average Value,TRUE,TRUE,FALSE,Mediatek,Dimensity 8100 Max,8,2.85,8,128,5000,80,62.5,Standard,6.7,120,50,16,3,Android v12
Xiaomi,Redmi Note 12 Pro 5G,Mid-Range,21499,62,-0.21723438,Average Value,TRUE,FALSE,TRUE,Mediatek,Dimensity 1080,8,2.6,6,128,5000,67,74.63,Standard,6.67,120,50,16,3,Android v12
Samsung,Galaxy S21 FE 5G,Flagship,74999,68,-1.848173626,Overpriced,TRUE,TRUE,FALSE,Samsung,Exynos 2100,8,2.9,8,128,4500,25,180,Slow Charging,6.4,120,12,32,3,Android v12
Realme,7,Budget,11999,52,0.117680993,Average Value,FALSE,FALSE,FALSE,Mediatek,Helio G95,8,2.05,6,64,5000,30,166.67,Standard,6.5,90,64,16,4,Android v10
Oneplus,8T,Mid-Range,23999,63,-0.04327204,Average Value,TRUE,TRUE,FALSE,Qualcomm,Snapdragon 865,8,2.84,8,128,4500,65,69.23,Standard,6.55,120,48,16,4,Android v11
Apple,iPhone 12 Pro Max,Flagship,119900,61,-2.683737169,Overpriced,TRUE,TRUE,FALSE,Apple,Bionic A14,6,3.1,6,128,3687,90,40.97,Super Fast,6.7,120,12,12,3,iOS v14
Tecno,Camon Slim,Mid-Range,22999,57,-1.087046085,Overpriced,TRUE,FALSE,TRUE,Mediatek,Dimensity 7100,8,2.4,8,128,5200,45,115.56,Standard,6.78,144,50,13,2,Android v16
Motorola,Edge 70 Fusion Plus,Premium,49999,71,-0.654931615,Average Value,TRUE,TRUE,FALSE,Qualcomm,Snapdragon 7s Gen 4,8,2.7,12,256,5200,79,65.82,Standard,6.8,144,50,50,3,Android v16
Samsung,Galaxy S27 5G,Flagship,94990,75,-1.012610084,Overpriced,TRUE,TRUE,FALSE,Samsung,Exynos,10,4.04,12,256,4400,25,176,Slow Charging,6.3,144,50,12,3,Android v17
Apple,iPhone 17e,Flagship,84900,64,-2.325638508,Overpriced,TRUE,TRUE,FALSE,Apple,Apple A19,6,4.04,8,512,4005,90,44.5,Super Fast,6.1,60,48,12,1,iOS v19
Realme,P4 Lite 4G,Budget,10480,41,-1.790984458,Overpriced,FALSE,FALSE,FALSE,Unisoc,Unisoc T7250,8,1.8,4,64,6300,15,420,Slow Charging,6.74,120,13,5,1,Android v15
Oppo,Find X10 Pro Max 5G,Flagship,129990,94,1.255348103,Value King,TRUE,TRUE,TRUE,Mediatek,Dimensity 9600,8,4.04,16,512,8000,80,100,Standard,6.9,120,200,50,3,Android v17
Xiaomi,Redmi K90 Ultra,Flagship,69990,86,0.30041834,Average Value,TRUE,TRUE,TRUE,Mediatek,Dimensity 9500,8,4.21,12,256,8500,100,85,Super Fast,6.9,120,50,50,3,Android v16
Huawei,Pura X2,Flagship,99990,80,-0.415778982,Average Value,TRUE,TRUE,TRUE,Hisilicon,Kirin 9030,8,4.04,12,256,5000,80,62.5,Standard,7.69,120,50,32,2,HarmonyOS v6.1
Tecno,Spark GO 3,Budget,9990,41,-1.790984458,Overpriced,FALSE,FALSE,TRUE,Unisoc,Unisoc T7250,8,1.8,4,64,5000,15,333.33,Slow Charging,6.74,120,13,8,1,Android v15
Realme,C85 5G,Mid-Range,17999,55,-1.434970767,Overpriced,TRUE,TRUE,FALSE,Mediatek,Dimensity 6300,8,2.4,6,128,7000,45,155.56,Standard,6.8,144,50,8,1,Android v15
Vivo,X500,Premium,57990,83,1.219180391,Value King,TRUE,TRUE,TRUE,Mediatek,Dimensity 9600,8,3.2,12,256,7000,90,77.78,Super Fast,6.67,120,200,50,3,Android v16
Vivo,Y19s 5G,Budget,13499,50,-0.229349089,Average Value,TRUE,FALSE,FALSE,Mediatek,Dimensity 6300,8,2.4,4,128,6000,15,400,Slow Charging,6.74,90,13,5,2,Android v15
Oukitel,WP60 5G,Mid-Range,24699,64,0.130690301,Average Value,TRUE,FALSE,FALSE,Mediatek,Dimensity 7025,8,2.5,8,256,10000,33,303.03,Standard,7.2,120,108,32,3,Android v15
Vivo,S50,Premium,39990,76,0.125948388,Average Value,TRUE,TRUE,TRUE,Qualcomm,Snapdragon 8s Gen 3,8,3,12,256,6500,100,65,Super Fast,6.59,120,50,50,3,Android v16
